condition,item,sentence,normalized_input,predictions
a,1,রাশাদ জিজ্ঞাসা করেছে কাকে ডাক্তারটা খুবই অবাকভাবে [MASK] বলেছেন যে তিনি পুরানো হাসপাতালে চিকিৎসা করেছেন,রাশাদ জিজ্ঞাসা করেছে কাকে ডাক্তারটা খুবই অবাকভাবে [MASK] বলেছেন যে তিনি পুরানো হাসপাতালে চিকিৎসা করেছেন,"['Score: 0.1379, Token: 1339, Token_str: তাকে', 'Score: 0.0697, Token: 917, Token_str: কথা', 'Score: 0.0630, Token: 954, Token_str: তিনি', 'Score: 0.0532, Token: 792, Token_str: করে', 'Score: 0.0449, Token: 1319, Token_str: এটা']"
b,1,রাশাদ জিজ্ঞাসা করেছে কখন ডাক্তারটা খুবই অবাকভাবে [MASK] বলেছেন যে তিনি পুরানো হাসপাতালে তাকে চিকিৎসা করেছেন,রাশাদ জিজ্ঞাসা করেছে কখন ডাক্তারটা খুবই অবাকভাবে [MASK] বলেছেন যে তিনি পুরানো হাসপাতালে তাকে চিকিৎসা করেছেন,"['Score: 0.4299, Token: 1339, Token_str: তাকে', 'Score: 0.0654, Token: 1258, Token_str: আমাকে', 'Score: 0.0502, Token: 917, Token_str: কথা', 'Score: 0.0381, Token: 1319, Token_str: এটা', 'Score: 0.0251, Token: 1060, Token_str: তাদের']"
c,1,রাশাদ জিজ্ঞাসা করেছে কাকে ডাক্তারটা তিনি পুরানো হাসপাতালে [MASK] চিকিৎসা করেছেন বলে খুবই অবাকভাবে  বলেছেন,রাশাদ জিজ্ঞাসা করেছে কাকে ডাক্তারটা তিনি পুরানো হাসপাতালে [MASK] চিকিৎসা করেছেন বলে খুবই অবাকভাবে বলেছেন,"['Score: 0.1141, Token: 424, Token_str: ##ই', 'Score: 0.0783, Token: 826, Token_str: তার', 'Score: 0.0720, Token: 1094, Token_str: গিয়ে', 'Score: 0.0662, Token: 1346, Token_str: বসে', 'Score: 0.0405, Token: 29434, Token_str: ক্যান্সারের']"
d,1,রাশাদ জিজ্ঞাসা করেছে কখন ডাক্তারটা তিনি পুরানো হাসপাতালে [MASK] চিকিৎসা করেছেন বলে খুবই অবাকভাবে তাকে বলেছেন,রাশাদ জিজ্ঞাসা করেছে কখন ডাক্তারটা তিনি পুরানো হাসপাতালে [MASK] চিকিৎসা করেছেন বলে খুবই অবাকভাবে তাকে বলেছেন,"['Score: 0.1655, Token: 826, Token_str: তার', 'Score: 0.1588, Token: 1094, Token_str: গিয়ে', 'Score: 0.1083, Token: 1054, Token_str: এসে', 'Score: 0.0483, Token: 1346, Token_str: বসে', 'Score: 0.0277, Token: 7214, Token_str: রোগীর']"
a,2,জাহিদ পত্রিকায় পড়েছে কাকে রাজনীতবিদটা বেশ জোরে [MASK] বলেছেন যে তিনি জাতিসংঘের ভবনে অভিবাদন জানিয়েছেন,জাহিদ পত্রিকায় পড়েছে কাকে রাজনীতবিদটা বেশ জোরে [MASK] বলেছেন যে তিনি জাতিসংঘের ভবনে অভিবাদন জানিয়েছেন,"['Score: 0.5034, Token: 19931, Token_str: ##শোরে', 'Score: 0.0964, Token: 3029, Token_str: গলায়', 'Score: 0.0926, Token: 4371, Token_str: জোরে', 'Score: 0.0535, Token: 424, Token_str: ##ই', 'Score: 0.0407, Token: 917, Token_str: কথা']"
b,2,জাহিদ পত্রিকায় পড়েছে কখন রাজনীতবিদটা বেশ জোরে [MASK] বলেছেন যে তিনি জাতিসংঘের ভবনে তাকে অভিবাদন জানিয়েছেন,জাহিদ পত্রিকায় পড়েছে কখন রাজনীতবিদটা বেশ জোরে [MASK] বলেছেন যে তিনি জাতিসংঘের ভবনে তাকে অভিবাদন জানিয়েছেন,"['Score: 0.4425, Token: 19931, Token_str: ##শোরে', 'Score: 0.1245, Token: 4371, Token_str: জোরে', 'Score: 0.0944, Token: 3029, Token_str: গলায়', 'Score: 0.0796, Token: 917, Token_str: কথা', 'Score: 0.0382, Token: 424, Token_str: ##ই']"
c,2,জাহিদ পত্রিকায় পড়েছে কাকে রাজনীতবিদটা তিনি জাতিসংঘের ভবনে [MASK] অভিবাদন জানিয়েছেন বলে বেশ জোরে বলেছেন,জাহিদ পত্রিকায় পড়েছে কাকে রাজনীতবিদটা তিনি জাতিসংঘের ভবনে [MASK] অভিবাদন জানিয়েছেন বলে বেশ জোরে বলেছেন,"['Score: 0.1671, Token: 1094, Token_str: গিয়ে', 'Score: 0.1383, Token: 1815, Token_str: দাঁড়িয়ে', 'Score: 0.1208, Token: 1054, Token_str: এসে', 'Score: 0.0823, Token: 1339, Token_str: তাকে', 'Score: 0.0695, Token: 1346, Token_str: বসে']"
d,2,জাহিদ পত্রিকায় পড়েছে কখন রাজনীতবিদটা তিনি জাতিসংঘের ভবনে [MASK] অভিবাদন জানিয়েছেন বলে বেশ জোরে তাকে বলেছেন,জাহিদ পত্রিকায় পড়েছে কখন রাজনীতবিদটা তিনি জাতিসংঘের ভবনে [MASK] অভিবাদন জানিয়েছেন বলে বেশ জোরে তাকে বলেছেন,"['Score: 0.1920, Token: 1339, Token_str: তাকে', 'Score: 0.1542, Token: 1054, Token_str: এসে', 'Score: 0.1449, Token: 1094, Token_str: গিয়ে', 'Score: 0.0932, Token: 1815, Token_str: দাঁড়িয়ে', 'Score: 0.0513, Token: 1346, Token_str: বসে']"
a,3,সীতা শুনেছে কাকে বিজ্ঞানীটা কিছুটা বিস্মিতভাবে [MASK] বলেছেন যে তিনি বার্ষিক অনুষ্ঠানটাতে পুরষ্কার দেবেন,সীতা শুনেছে কাকে বিজ্ঞানীটা কিছুটা বিস্মিতভাবে [MASK] বলেছেন যে তিনি বার্ষিক অনুষ্ঠানটাতে পুরষ্কার দেবেন,"['Score: 0.1402, Token: 1339, Token_str: তাকে', 'Score: 0.0861, Token: 424, Token_str: ##ই', 'Score: 0.0549, Token: 1863, Token_str: তাঁকে', 'Score: 0.0346, Token: 917, Token_str: কথা', 'Score: 0.0230, Token: 1258, Token_str: আমাকে']"
b,3,সীতা শুনেছে কখন বিজ্ঞানীটা কিছুটা বিস্মিতভাবে [MASK] বলেছেন যে তিনি বার্ষিক অনুষ্ঠানটাতে তাকে পুরষ্কার দেবেন,সীতা শুনেছে কখন বিজ্ঞানীটা কিছুটা বিস্মিতভাবে [MASK] বলেছেন যে তিনি বার্ষিক অনুষ্ঠানটাতে তাকে পুরষ্কার দেবেন,"['Score: 0.4651, Token: 1339, Token_str: তাকে', 'Score: 0.0377, Token: 917, Token_str: কথা', 'Score: 0.0364, Token: 7883, Token_str: একথা', 'Score: 0.0276, Token: 1319, Token_str: এটা', 'Score: 0.0218, Token: 1258, Token_str: আমাকে']"
c,3,সীতা শুনেছে কাকে বিজ্ঞানীটা তিনি বার্ষিক অনুষ্ঠানটাতে [MASK] পুরষ্কার দেবেন বলে কিছুটা বিস্মিতভাবে বলেছেন,সীতা শুনেছে কাকে বিজ্ঞানীটা তিনি বার্ষিক অনুষ্ঠানটাতে [MASK] পুরষ্কার দেবেন বলে কিছুটা বিস্মিতভাবে বলেছেন,"['Score: 0.1436, Token: 8777, Token_str: নোবেল', 'Score: 0.1220, Token: 424, Token_str: ##ই', 'Score: 0.0432, Token: 1339, Token_str: তাকে', 'Score: 0.0306, Token: 817, Token_str: কি', 'Score: 0.0306, Token: 949, Token_str: একটা']"
d,3,সীতা শুনেছে কখন বিজ্ঞানীটা তিনি বার্ষিক অনুষ্ঠানটাতে [MASK] পুরষ্কার দেবেন বলে কিছুটা বিস্মিতভাবে তাকে বলেছেন,সীতা শুনেছে কখন বিজ্ঞানীটা তিনি বার্ষিক অনুষ্ঠানটাতে [MASK] পুরষ্কার দেবেন বলে কিছুটা বিস্মিতভাবে তাকে বলেছেন,"['Score: 0.1892, Token: 8777, Token_str: নোবেল', 'Score: 0.1017, Token: 1339, Token_str: তাকে', 'Score: 0.0443, Token: 949, Token_str: একটা', 'Score: 0.0364, Token: 424, Token_str: ##ই', 'Score: 0.0281, Token: 1863, Token_str: তাঁকে']"
a,4,জোনাকী ঘোষণা করবে কাকে ব্যবসায়ীটা খানিকটা সাবধানে [MASK] বলেছেন যে তিনি নতুন কোম্পানীটাতে চাকরি দেবেন,জোনাকী ঘোষণা করবে কাকে ব্যবসায়ীটা খানিকটা সাবধানে [MASK] বলেছেন যে তিনি নতুন কোম্পানীটাতে চাকরি দেবেন,"['Score: 0.2627, Token: 424, Token_str: ##ই', 'Score: 0.0486, Token: 954, Token_str: তিনি', 'Score: 0.0443, Token: 842, Token_str: থেকে', 'Score: 0.0409, Token: 1469, Token_str: রেখে', 'Score: 0.0342, Token: 917, Token_str: কথা']"
b,4,জোনাকী ঘোষণা করবে কখন ব্যবসায়ীটা খানিকটা সাবধানে [MASK] বলেছেন যে তিনি নতুন কোম্পানীটাতে তাকে চাকরি দেবেন,জোনাকী ঘোষণা করবে কখন ব্যবসায়ীটা খানিকটা সাবধানে [MASK] বলেছেন যে তিনি নতুন কোম্পানীটাতে তাকে চাকরি দেবেন,"['Score: 0.1750, Token: 424, Token_str: ##ই', 'Score: 0.1315, Token: 842, Token_str: থেকে', 'Score: 0.0571, Token: 917, Token_str: কথা', 'Score: 0.0500, Token: 1339, Token_str: তাকে', 'Score: 0.0376, Token: 1798, Token_str: থেকেই']"
c,4,জোনাকী ঘোষণা করবে কাকে ব্যবসায়ীটা তিনি নতুন কোম্পানীটাতে [MASK] চাকরি দেবেন বলে খানিকটা সাবধানে বলেছেন,জোনাকী ঘোষণা করবে কাকে ব্যবসায়ীটা তিনি নতুন কোম্পানীটাতে [MASK] চাকরি দেবেন বলে খানিকটা সাবধানে বলেছেন,"['Score: 0.3815, Token: 424, Token_str: ##ই', 'Score: 0.0848, Token: 949, Token_str: একটা', 'Score: 0.0344, Token: 1299, Token_str: নতুন', 'Score: 0.0337, Token: 463, Token_str: ##ও', 'Score: 0.0270, Token: 1339, Token_str: তাকে']"
d,4,জোনাকী ঘোষণা করবে কখন ব্যবসায়ীটা তিনি নতুন কোম্পানীটাতে [MASK] চাকরি দেবেন বলে খানিকটা সাবধানে তাকে বলেছেন,জোনাকী ঘোষণা করবে কখন ব্যবসায়ীটা তিনি নতুন কোম্পানীটাতে [MASK] চাকরি দেবেন বলে খানিকটা সাবধানে তাকে বলেছেন,"['Score: 0.1923, Token: 424, Token_str: ##ই', 'Score: 0.1547, Token: 949, Token_str: একটা', 'Score: 0.0910, Token: 1339, Token_str: তাকে', 'Score: 0.0530, Token: 1299, Token_str: নতুন', 'Score: 0.0385, Token: 1094, Token_str: গিয়ে']"
a,5,সাবরিনা এখনও জানে কাকে শিক্ষকটা অত্যন্ত সহজভাবে [MASK] বলেছেন যে তিনি গ্রামের স্কুলটাতে শেখাতে চান,সাবরিনা এখনও জানে কাকে শিক্ষকটা অত্যন্ত সহজভাবে [MASK] বলেছেন যে তিনি গ্রামের স্কুলটাতে শেখাতে চান,"['Score: 0.5972, Token: 424, Token_str: ##ই', 'Score: 0.1537, Token: 5483, Token_str: বুঝিয়ে', 'Score: 0.0325, Token: 917, Token_str: কথা', 'Score: 0.0118, Token: 888, Token_str: নিয়ে', 'Score: 0.0108, Token: 1711, Token_str: নিতে']"
b,5,সাবরিনা এখনও জানে কখন শিক্ষকটা অত্যন্ত সহজভাবে [MASK] বলেছেন যে তিনি গ্রামের স্কুলটাতে তাকে শেখাতে চান,সাবরিনা এখনও জানে কখন শিক্ষকটা অত্যন্ত সহজভাবে [MASK] বলেছেন যে তিনি গ্রামের স্কুলটাতে তাকে শেখাতে চান,"['Score: 0.3543, Token: 424, Token_str: ##ই', 'Score: 0.1516, Token: 1339, Token_str: তাকে', 'Score: 0.1064, Token: 917, Token_str: কথা', 'Score: 0.1018, Token: 5483, Token_str: বুঝিয়ে', 'Score: 0.0204, Token: 3256, Token_str: কথাটা']"
c,5,সাবরিনা এখনও জানে কাকে শিক্ষকটা তিনি গ্রামের স্কুলটাতে [MASK] শেখাতে চান বলে অত্যন্ত সহজভাবে বলেছেন,সাবরিনা এখনও জানে কাকে শিক্ষকটা তিনি গ্রামের স্কুলটাতে [MASK] শেখাতে চান বলে অত্যন্ত সহজভাবে বলেছেন,"['Score: 0.3069, Token: 424, Token_str: ##ই', 'Score: 0.0492, Token: 463, Token_str: ##ও', 'Score: 0.0391, Token: 9405, Token_str: লেখাপড়া', 'Score: 0.0231, Token: 1950, Token_str: বাংলা', 'Score: 0.0224, Token: 1346, Token_str: বসে']"
d,5,সাবরিনা এখনও জানে কখন শিক্ষকটা তিনি গ্রামের স্কুলটাতে [MASK] শেখাতে চান বলে অত্যন্ত সহজভাবে তাকে বলেছেন,সাবরিনা এখনও জানে কখন শিক্ষকটা তিনি গ্রামের স্কুলটাতে [MASK] শেখাতে চান বলে অত্যন্ত সহজভাবে তাকে বলেছেন,"['Score: 0.0771, Token: 1950, Token_str: বাংলা', 'Score: 0.0724, Token: 9405, Token_str: লেখাপড়া', 'Score: 0.0449, Token: 424, Token_str: ##ই', 'Score: 0.0433, Token: 4752, Token_str: ইংরেজি', 'Score: 0.0400, Token: 1094, Token_str: গিয়ে']"
a,6,এনাম সিদ্ধান্ত নিয়েছে কাকে উকিলটা অনেকটা সোজাসুজিভাবে [MASK] বলেছেন যে তিনি আঞ্চলিক আদালতটাতে রক্ষা করবেন,এনাম সিদ্ধান্ত নিয়েছে কাকে উকিলটা অনেকটা সোজাসুজিভাবে [MASK] বলেছেন যে তিনি আঞ্চলিক আদালতটাতে রক্ষা করবেন,"['Score: 0.2241, Token: 5483, Token_str: বুঝিয়ে', 'Score: 0.1041, Token: 954, Token_str: তিনি', 'Score: 0.0398, Token: 1385, Token_str: বলতে', 'Score: 0.0383, Token: 424, Token_str: ##ই', 'Score: 0.0315, Token: 792, Token_str: করে']"
b,6,এনাম সিদ্ধান্ত নিয়েছে কখন উকিলটা অনেকটা সোজাসুজিভাবে [MASK] বলেছেন যে তিনি আঞ্চলিক আদালতটাতে তাকে রক্ষা করবেন,এনাম সিদ্ধান্ত নিয়েছে কখন উকিলটা অনেকটা সোজাসুজিভাবে [MASK] বলেছেন যে তিনি আঞ্চলিক আদালতটাতে তাকে রক্ষা করবেন,"['Score: 0.2723, Token: 1339, Token_str: তাকে', 'Score: 0.1463, Token: 917, Token_str: কথা', 'Score: 0.0893, Token: 5483, Token_str: বুঝিয়ে', 'Score: 0.0315, Token: 424, Token_str: ##ই', 'Score: 0.0248, Token: 1258, Token_str: আমাকে']"
c,6,এনাম সিদ্ধান্ত নিয়েছে কাকে উকিলটা তিনি আঞ্চলিক আদালতটাতে [MASK] রক্ষা করবেন বলে অনেকটা সোজাসুজি বলেছেন,এনাম সিদ্ধান্ত নিয়েছে কাকে উকিলটা তিনি আঞ্চলিক আদালতটাতে [MASK] রক্ষা করবেন বলে অনেকটা সোজাসুজি বলেছেন,"['Score: 0.2234, Token: 424, Token_str: ##ই', 'Score: 0.0452, Token: 2067, Token_str: নিজেকে', 'Score: 0.0436, Token: 463, Token_str: ##ও', 'Score: 0.0284, Token: 1094, Token_str: গিয়ে', 'Score: 0.0280, Token: 1339, Token_str: তাকে']"
d,6,এনাম সিদ্ধান্ত নিয়েছে কখন উকিলটা তিনি আঞ্চলিক আদালতটাতে [MASK] রক্ষা করবেন বলে অনেকটা সোজাসুজি তাকে বলেছেন,এনাম সিদ্ধান্ত নিয়েছে কখন উকিলটা তিনি আঞ্চলিক আদালতটাতে [MASK] রক্ষা করবেন বলে অনেকটা সোজাসুজি তাকে বলেছেন,"['Score: 0.1019, Token: 424, Token_str: ##ই', 'Score: 0.0980, Token: 1094, Token_str: গিয়ে', 'Score: 0.0524, Token: 1339, Token_str: তাকে', 'Score: 0.0387, Token: 2067, Token_str: নিজেকে', 'Score: 0.0306, Token: 26556, Token_str: গোপনীয়তা']"
a,7,সালমা জানতো না কাকে লেখকটা বেশ তাড়াতাড়ি [MASK] বলেছেন যে তিনি আন্তর্জাতিক সভাটাতে সাহায্য করবেন,সালমা জানতো না কাকে লেখকটা বেশ তাড়াতাড়ি [MASK] বলেছেন যে তিনি আন্তর্জাতিক সভাটাতে সাহায্য করবেন,"['Score: 0.5097, Token: 424, Token_str: ##ই', 'Score: 0.0961, Token: 792, Token_str: করে', 'Score: 0.0846, Token: 5483, Token_str: বুঝিয়ে', 'Score: 0.0252, Token: 917, Token_str: কথা', 'Score: 0.0224, Token: 2635, Token_str: করেই']"
b,7,সালমা জানতো না কখন লেখকটা বেশ তাড়াতাড়ি [MASK] বলেছেন যে তিনি আন্তর্জাতিক সভাটাতে তাকে সাহায্য করবেন,সালমা জানতো না কখন লেখকটা বেশ তাড়াতাড়ি [MASK] বলেছেন যে তিনি আন্তর্জাতিক সভাটাতে তাকে সাহায্য করবেন,"['Score: 0.2668, Token: 424, Token_str: ##ই', 'Score: 0.2234, Token: 792, Token_str: করে', 'Score: 0.0869, Token: 1339, Token_str: তাকে', 'Score: 0.0791, Token: 917, Token_str: কথা', 'Score: 0.0588, Token: 1054, Token_str: এসে']"
c,7,সালমা জানতো না কাকে লেখকটা তিনি আন্তর্জাতিক সভাটাতে [MASK] সাহায্য করবেন বলে বেশ তাড়াতাড়ি বলেছেন,সালমা জানতো না কাকে লেখকটা তিনি আন্তর্জাতিক সভাটাতে [MASK] সাহায্য করবেন বলে বেশ তাড়াতাড়ি বলেছেন,"['Score: 0.0989, Token: 424, Token_str: ##ই', 'Score: 0.0825, Token: 1413, Token_str: যেতে', 'Score: 0.0824, Token: 463, Token_str: ##ও', 'Score: 0.0427, Token: 6317, Token_str: বসতে', 'Score: 0.0339, Token: 1339, Token_str: তাকে']"
d,7,সালমা জানতো না কখন লেখকটা তিনি আন্তর্জাতিক সভাটাতে [MASK] সাহায্য করবেন বলে বেশ তাড়াতাড়ি তাকে বলেছেন,সালমা জানতো না কখন লেখকটা তিনি আন্তর্জাতিক সভাটাতে [MASK] সাহায্য করবেন বলে বেশ তাড়াতাড়ি তাকে বলেছেন,"['Score: 0.2718, Token: 1339, Token_str: তাকে', 'Score: 0.1078, Token: 1413, Token_str: যেতে', 'Score: 0.0647, Token: 1054, Token_str: এসে', 'Score: 0.0367, Token: 2189, Token_str: আসতে', 'Score: 0.0346, Token: 1094, Token_str: গিয়ে']"
a,8,সেনিয়া আবিষ্কার করেছে কাকে দোকানিটা খুব অপ্রত্যাশিতভাবে [MASK] বলেছেন যে তিনি ফলের দোকানটাতে কাঠাল কিনে দিয়েছেন,সেনিয়া আবিষ্কার করেছে কাকে দোকানিটা খুব অপ্রত্যাশিতভাবে [MASK] বলেছেন যে তিনি ফলের দোকানটাতে কাঠাল কিনে দিয়েছেন,"['Score: 0.1939, Token: 1339, Token_str: তাকে', 'Score: 0.1111, Token: 954, Token_str: তিনি', 'Score: 0.0831, Token: 1258, Token_str: আমাকে', 'Score: 0.0381, Token: 424, Token_str: ##ই', 'Score: 0.0303, Token: 1863, Token_str: তাঁকে']"
b,8,সেনিয়া আবিষ্কার করেছে কখন দোকানিটা খুব অপ্রত্যাশিতভাবে [MASK] বলেছেন যে তিনি ফলের দোকানটাতে তাকে কাঠাল কিনে দিয়েছেন,সেনিয়া আবিষ্কার করেছে কখন দোকানিটা খুব অপ্রত্যাশিতভাবে [MASK] বলেছেন যে তিনি ফলের দোকানটাতে তাকে কাঠাল কিনে দিয়েছেন,"['Score: 0.6576, Token: 1339, Token_str: তাকে', 'Score: 0.0508, Token: 1258, Token_str: আমাকে', 'Score: 0.0236, Token: 1054, Token_str: এসে', 'Score: 0.0193, Token: 1319, Token_str: এটা', 'Score: 0.0174, Token: 7883, Token_str: একথা']"
c,8,সেনিয়া আবিষ্কার করেছে কাকে দোকানিটা তিনি ফলের দোকানটাতে [MASK] কাঠাল কিনে দিয়েছেন বলে খুব অপ্রত্যাশিতভাবে বলেছেন,সেনিয়া আবিষ্কার করেছে কাকে দোকানিটা তিনি ফলের দোকানটাতে [MASK] কাঠাল কিনে দিয়েছেন বলে খুব অপ্রত্যাশিতভাবে বলেছেন,"['Score: 0.1363, Token: 424, Token_str: ##ই', 'Score: 0.0963, Token: 949, Token_str: একটা', 'Score: 0.0592, Token: 916, Token_str: কিছু', 'Score: 0.0486, Token: 990, Token_str: একটি', 'Score: 0.0340, Token: 1346, Token_str: বসে']"
d,8,সেনিয়া আবিষ্কার করেছে কখন দোকানিটা তিনি ফলের দোকানটাতে [MASK] কাঠাল কিনে দিয়েছেন বলে খুব অপ্রত্যাশিতভাবে তাকে বলেছেন,সেনিয়া আবিষ্কার করেছে কখন দোকানিটা তিনি ফলের দোকানটাতে [MASK] কাঠাল কিনে দিয়েছেন বলে খুব অপ্রত্যাশিতভাবে তাকে বলেছেন,"['Score: 0.1030, Token: 949, Token_str: একটা', 'Score: 0.0745, Token: 1346, Token_str: বসে', 'Score: 0.0542, Token: 424, Token_str: ##ই', 'Score: 0.0491, Token: 916, Token_str: কিছু', 'Score: 0.0413, Token: 990, Token_str: একটি']"
a,9,সুমী শিখেছে কাকে অনুবাদকটা কিছুটা বিষণ্ণভাবে [MASK] বলেছেন যে তিনি শহরের লাইব্রেরীটাতে কবিতা দেবেন না,সুমী শিখেছে কাকে অনুবাদকটা কিছুটা বিষণ্ণভাবে [MASK] বলেছেন যে তিনি শহরের লাইব্রেরীটাতে কবিতা দেবেন না,"['Score: 0.1015, Token: 5483, Token_str: বুঝিয়ে', 'Score: 0.0667, Token: 954, Token_str: তিনি', 'Score: 0.0417, Token: 1339, Token_str: তাকে', 'Score: 0.0301, Token: 902, Token_str: দিয়ে', 'Score: 0.0229, Token: 1863, Token_str: তাঁকে']"
b,9,সুমী শিখেছে কখন অনুবাদকটা কিছুটা বিষণ্ণভাবে [MASK] বলেছেন যে তিনি শহরের লাইব্রেরীটাতে তাকে কবিতা দেবেন না,সুমী শিখেছে কখন অনুবাদকটা কিছুটা বিষণ্ণভাবে [MASK] বলেছেন যে তিনি শহরের লাইব্রেরীটাতে তাকে কবিতা দেবেন না,"['Score: 0.4519, Token: 1339, Token_str: তাকে', 'Score: 0.0225, Token: 917, Token_str: কথা', 'Score: 0.0186, Token: 1258, Token_str: আমাকে', 'Score: 0.0182, Token: 5483, Token_str: বুঝিয়ে', 'Score: 0.0153, Token: 1863, Token_str: তাঁকে']"
c,9,সুমী শিখেছে কাকে অনুবাদকটা তিনি শহরের লাইব্রেরীটাতে [MASK] কবিতা দেবেন না বলে কিছুটা বিষণ্ণভাবে বলেছেন,সুমী শিখেছে কাকে অনুবাদকটা তিনি শহরের লাইব্রেরীটাতে [MASK] কবিতা দেবেন না বলে কিছুটা বিষণ্ণভাবে বলেছেন,"['Score: 0.2265, Token: 886, Token_str: কোন', 'Score: 0.0828, Token: 1078, Token_str: কোনো', 'Score: 0.0818, Token: 949, Token_str: একটা', 'Score: 0.0486, Token: 1094, Token_str: গিয়ে', 'Score: 0.0331, Token: 1346, Token_str: বসে']"
d,9,সুমী শিখেছে কখন অনুবাদকটাতিনি শহরের লাইব্রেরীটাতে [MASK] কবিতা দেবেন না বলে কিছুটা বিষণ্ণভাবে তাকে বলেছেন,সুমী শিখেছে কখন অনুবাদকটাতিনি শহরের লাইব্রেরীটাতে [MASK] কবিতা দেবেন না বলে কিছুটা বিষণ্ণভাবে তাকে বলেছেন,"['Score: 0.1901, Token: 886, Token_str: কোন', 'Score: 0.0926, Token: 1094, Token_str: গিয়ে', 'Score: 0.0760, Token: 949, Token_str: একটা', 'Score: 0.0747, Token: 1078, Token_str: কোনো', 'Score: 0.0733, Token: 1346, Token_str: বসে']"
a,10,আকাশ খবরের কাগজে পড়েছে কাকে প্রধানমন্ত্রী খানিকটা সাবধানে [MASK] বলেছেন যে তিনি একটা বিমানটাতে হত্যা করে দেবেন,আকাশ খবরের কাগজে পড়েছে কাকে প্রধানমন্ত্রী খানিকটা সাবধানে [MASK] বলেছেন যে তিনি একটা বিমানটাতে হত্যা করে দেবেন,"['Score: 0.2854, Token: 424, Token_str: ##ই', 'Score: 0.0608, Token: 842, Token_str: থেকে', 'Score: 0.0530, Token: 1469, Token_str: রেখে', 'Score: 0.0435, Token: 917, Token_str: কথা', 'Score: 0.0395, Token: 10023, Token_str: রেখেই']"
b,10,আকাশ খবরের কাগজে পড়েছে কখন প্রধানমন্ত্রী খানিকটা সাবধানে [MASK] বলেছেন যে তিনি একটা বিমানটাতে তাকে হত্যা করে দেবেন,আকাশ খবরের কাগজে পড়েছে কখন প্রধানমন্ত্রী খানিকটা সাবধানে [MASK] বলেছেন যে তিনি একটা বিমানটাতে তাকে হত্যা করে দেবেন,"['Score: 0.1758, Token: 424, Token_str: ##ই', 'Score: 0.1059, Token: 842, Token_str: থেকে', 'Score: 0.0544, Token: 1346, Token_str: বসে', 'Score: 0.0512, Token: 917, Token_str: কথা', 'Score: 0.0476, Token: 1094, Token_str: গিয়ে']"
c,10,আকাশ খবরের কাগজে পড়েছে কাকে প্রধানমন্ত্রী তিনি একটা বিমানটাতে [MASK] হত্যা করে দেবেন বলে খানিকটা সাবধানে বলেছেন,আকাশ খবরের কাগজে পড়েছে কাকে প্রধানমন্ত্রী তিনি একটা বিমানটাতে [MASK] হত্যা করে দেবেন বলে খানিকটা সাবধানে বলেছেন,"['Score: 0.1572, Token: 424, Token_str: ##ই', 'Score: 0.0851, Token: 1339, Token_str: তাকে', 'Score: 0.0555, Token: 792, Token_str: করে', 'Score: 0.0306, Token: 772, Token_str: ##কে', 'Score: 0.0265, Token: 3289, Token_str: মানুষকে']"
d,10,আকাশ খবরের কাগজে পড়েছে কখন প্রধানমন্ত্রী তিনি একটা বিমানটাতে [MASK] হত্যা করে দেবেন বলে খানিকটা সাবধানে তাকে বলেছেন,আকাশ খবরের কাগজে পড়েছে কখন প্রধানমন্ত্রী তিনি একটা বিমানটাতে [MASK] হত্যা করে দেবেন বলে খানিকটা সাবধানে তাকে বলেছেন,"['Score: 0.2479, Token: 1339, Token_str: তাকে', 'Score: 0.0684, Token: 792, Token_str: করে', 'Score: 0.0506, Token: 424, Token_str: ##ই', 'Score: 0.0283, Token: 772, Token_str: ##কে', 'Score: 0.0273, Token: 3289, Token_str: মানুষকে']"
a,11,সোমা শুনেছে কাকে পাচকটা অনেকটা গোপনে [MASK] বলেছেন যে তিনি বড় রেস্টুরেন্টটাতে নিমন্ত্রণ করবেন,সোমা শুনেছে কাকে পাচকটা অনেকটা গোপনে [MASK] বলেছেন যে তিনি বড় রেস্টুরেন্টটাতে নিমন্ত্রণ করবেন,"['Score: 0.2267, Token: 954, Token_str: তিনি', 'Score: 0.1276, Token: 424, Token_str: ##ই', 'Score: 0.0953, Token: 917, Token_str: কথা', 'Score: 0.0653, Token: 3276, Token_str: ডেকে', 'Score: 0.0161, Token: 1339, Token_str: তাকে']"
b,11,সোমা শুনেছে কখন পাচকটা অনেকটা গোপনে [MASK] বলেছেন যে তিনি বড় রেস্টুরেন্টটাতে তাকে নিমন্ত্রণ করবেন,সোমা শুনেছে কখন পাচকটা অনেকটা গোপনে [MASK] বলেছেন যে তিনি বড় রেস্টুরেন্টটাতে তাকে নিমন্ত্রণ করবেন,"['Score: 0.2638, Token: 1339, Token_str: তাকে', 'Score: 0.1443, Token: 917, Token_str: কথা', 'Score: 0.0727, Token: 424, Token_str: ##ই', 'Score: 0.0645, Token: 954, Token_str: তিনি', 'Score: 0.0436, Token: 1054, Token_str: এসে']"
c,11,সোমা শুনেছে কাকে পাচকটা তিনি বড় রেস্টুরেন্টটাতে [MASK] নিমন্ত্রণ করবেন বলে অনেকটা গোপনে বলেছেন,সোমা শুনেছে কাকে পাচকটা তিনি বড় রেস্টুরেন্টটাতে [MASK] নিমন্ত্রণ করবেন বলে অনেকটা গোপনে বলেছেন,"['Score: 0.1111, Token: 424, Token_str: ##ই', 'Score: 0.0591, Token: 1094, Token_str: গিয়ে', 'Score: 0.0552, Token: 1339, Token_str: তাকে', 'Score: 0.0387, Token: 6414, Token_str: কাকে', 'Score: 0.0246, Token: 463, Token_str: ##ও']"
d,11,সোমা শুনেছে কখন পাচকটা তিনি বড় রেস্টুরেন্টটাতে [MASK] নিমন্ত্রণ করবেন বলে অনেকটা গোপনে তাকে বলেছেন,সোমা শুনেছে কখন পাচকটা তিনি বড় রেস্টুরেন্টটাতে [MASK] নিমন্ত্রণ করবেন বলে অনেকটা গোপনে তাকে বলেছেন,"['Score: 0.2296, Token: 1339, Token_str: তাকে', 'Score: 0.0899, Token: 1094, Token_str: গিয়ে', 'Score: 0.0436, Token: 1060, Token_str: তাদের', 'Score: 0.0385, Token: 1054, Token_str: এসে', 'Score: 0.0279, Token: 3635, Token_str: যাবার']"
a,12,জামাল ঘোষণা করেছে কাকে গায়কটা বেশ শান্তভাবে [MASK] বলেছেন যে তিনি সুন্দর থিয়েটারটাতে বিয়ে করবে,জামাল ঘোষণা করেছে কাকে গায়কটা বেশ শান্তভাবে [MASK] বলেছেন যে তিনি সুন্দর থিয়েটারটাতে বিয়ে করবে,"['Score: 0.0983, Token: 424, Token_str: ##ই', 'Score: 0.0979, Token: 917, Token_str: কথা', 'Score: 0.0645, Token: 1339, Token_str: তাকে', 'Score: 0.0470, Token: 5483, Token_str: বুঝিয়ে', 'Score: 0.0294, Token: 954, Token_str: তিনি']"
b,12,জামাল ঘোষণা করেছে কখন গায়কটা বেশ শান্তভাবে [MASK] বলেছেন যে তিনি সুন্দর থিয়েটারটাতে তাকে বিয়ে করবে,জামাল ঘোষণা করেছে কখন গায়কটা বেশ শান্তভাবে [MASK] বলেছেন যে তিনি সুন্দর থিয়েটারটাতে তাকে বিয়ে করবে,"['Score: 0.2671, Token: 1339, Token_str: তাকে', 'Score: 0.2200, Token: 917, Token_str: কথা', 'Score: 0.0261, Token: 424, Token_str: ##ই', 'Score: 0.0193, Token: 1258, Token_str: আমাকে', 'Score: 0.0191, Token: 1346, Token_str: বসে']"
c,12,জামাল ঘোষণা করেছে কাকে গায়কটা  তিনি সুন্দর থিয়েটারটাতে [MASK] বিয়ে করবে বলে বেশ শান্তভাবে বলেছেন,জামাল ঘোষণা করেছে কাকে গায়কটা তিনি সুন্দর থিয়েটারটাতে [MASK] বিয়ে করবে বলে বেশ শান্তভাবে বলেছেন,"['Score: 0.6204, Token: 424, Token_str: ##ই', 'Score: 0.0549, Token: 1339, Token_str: তাকে', 'Score: 0.0181, Token: 1094, Token_str: গিয়ে', 'Score: 0.0119, Token: 12046, Token_str: তাকেই', 'Score: 0.0118, Token: 1346, Token_str: বসে']"
d,12,জামাল ঘোষণা করেছে কখন গায়কটা  তিনি সুন্দর থিয়েটারটাতে [MASK] বিয়ে করবে বলে বেশ শান্তভাবে তাকে বলেছেন,জামাল ঘোষণা করেছে কখন গায়কটা তিনি সুন্দর থিয়েটারটাতে [MASK] বিয়ে করবে বলে বেশ শান্তভাবে তাকে বলেছেন,"['Score: 0.2778, Token: 424, Token_str: ##ই', 'Score: 0.1360, Token: 1094, Token_str: গিয়ে', 'Score: 0.1271, Token: 1339, Token_str: তাকে', 'Score: 0.0512, Token: 1346, Token_str: বসে', 'Score: 0.0387, Token: 1054, Token_str: এসে']"
a,13,জয় অনুমান করেছে কাকে ধোপাটা কিছুটা রাগতভাবে [MASK] বলেছেন যে তিনি কাজের জন্য টাকা দেবেন না,জয় অনুমান করেছে কাকে ধোপাটা কিছুটা রাগতভাবে [MASK] বলেছেন যে তিনি কাজের জন্য টাকা দেবেন না,"['Score: 0.5826, Token: 954, Token_str: তিনি', 'Score: 0.0600, Token: 424, Token_str: ##ই', 'Score: 0.0209, Token: 1339, Token_str: তাকে', 'Score: 0.0123, Token: 5483, Token_str: বুঝিয়ে', 'Score: 0.0082, Token: 809, Token_str: সে']"
b,13,জয় অনুমান করেছে কখন ধোপাটা কিছুটা রাগতভাবে [MASK] বলেছেন যে তিনি কাজের জন্য তাকে টাকা দেবেন না,জয় অনুমান করেছে কখন ধোপাটা কিছুটা রাগতভাবে [MASK] বলেছেন যে তিনি কাজের জন্য তাকে টাকা দেবেন না,"['Score: 0.4512, Token: 1339, Token_str: তাকে', 'Score: 0.1021, Token: 954, Token_str: তিনি', 'Score: 0.0208, Token: 809, Token_str: সে', 'Score: 0.0183, Token: 424, Token_str: ##ই', 'Score: 0.0172, Token: 1863, Token_str: তাঁকে']"
c,13,জয় অনুমান করেছে কাকে ধোপাটা তিনি কাজের জন্য [MASK] টাকা দেবেন না বলে কিছুটা রাগতভাবে বলেছেন,জয় অনুমান করেছে কাকে ধোপাটা তিনি কাজের জন্য [MASK] টাকা দেবেন না বলে কিছুটা রাগতভাবে বলেছেন,"['Score: 0.1429, Token: 2838, Token_str: কাউকে', 'Score: 0.0876, Token: 1078, Token_str: কোনো', 'Score: 0.0788, Token: 1278, Token_str: বেশি', 'Score: 0.0586, Token: 886, Token_str: কোন', 'Score: 0.0428, Token: 1284, Token_str: এত']"
d,13,জয় অনুমান করেছে কখন ধোপাটা তিনি কাজের জন্য [MASK] টাকা দেবেন না বলে কিছুটা রাগতভাবে তাকে বলেছেন,জয় অনুমান করেছে কখন ধোপাটা তিনি কাজের জন্য [MASK] টাকা দেবেন না বলে কিছুটা রাগতভাবে তাকে বলেছেন,"['Score: 0.1267, Token: 2838, Token_str: কাউকে', 'Score: 0.1107, Token: 1078, Token_str: কোনো', 'Score: 0.1063, Token: 886, Token_str: কোন', 'Score: 0.0514, Token: 1339, Token_str: তাকে', 'Score: 0.0413, Token: 815, Token_str: আর']"
a,14,সজল সিদ্ধান্ত নিয়েছে কখন জেনারেল খুব ভোরে [MASK] বলেছেন যে তিনি বিশাল যুদ্ধক্ষেত্রটাতে আক্রমণ করবেন,সজল সিদ্ধান্ত নিয়েছে কখন জেনারেল খুব ভোরে [MASK] বলেছেন যে তিনি বিশাল যুদ্ধক্ষেত্রটাতে আক্রমণ করবেন,"['Score: 0.2431, Token: 1054, Token_str: এসে', 'Score: 0.2254, Token: 424, Token_str: ##ই', 'Score: 0.0650, Token: 1258, Token_str: আমাকে', 'Score: 0.0627, Token: 1339, Token_str: তাকে', 'Score: 0.0445, Token: 1419, Token_str: উঠে']"
b,14,সজল সিদ্ধান্ত নিয়েছে কখন জেনারেল খুব ভোরে [MASK] বলেছেন যে তিনি বিশাল যুদ্ধক্ষেত্রটাতে তাকে আক্রমণ করবেন,সজল সিদ্ধান্ত নিয়েছে কখন জেনারেল খুব ভোরে [MASK] বলেছেন যে তিনি বিশাল যুদ্ধক্ষেত্রটাতে তাকে আক্রমণ করবেন,"['Score: 0.2361, Token: 1054, Token_str: এসে', 'Score: 0.1703, Token: 424, Token_str: ##ই', 'Score: 0.1560, Token: 1339, Token_str: তাকে', 'Score: 0.0622, Token: 1258, Token_str: আমাকে', 'Score: 0.0476, Token: 1419, Token_str: উঠে']"
c,14,সজল সিদ্ধান্ত নিয়েছে কাকে জেনারেল তিনি বিশাল যুদ্ধক্ষেত্রটাতে [MASK] আক্ৰমণ করবেন বলে খুব ভোরে বলেছেন,সজল সিদ্ধান্ত নিয়েছে কাকে জেনারেল তিনি বিশাল যুদ্ধক্ষেত্রটাতে [MASK] আক্ৰমণ করবেন বলে খুব ভোরে বলেছেন,"['Score: 0.1004, Token: 424, Token_str: ##ই', 'Score: 0.0595, Token: 1094, Token_str: গিয়ে', 'Score: 0.0528, Token: 826, Token_str: তার', 'Score: 0.0184, Token: 1054, Token_str: এসে', 'Score: 0.0172, Token: 4639, Token_str: সৈন্য']"
d,14,সজল সিদ্ধান্ত নিয়েছে কখন জেনারেল তিনি বিশাল যুদ্ধক্ষেত্রটাতে [MASK] আক্রমণ করবেন বলে খুব ভোরে তাকে বলেছেন,সজল সিদ্ধান্ত নিয়েছে কখন জেনারেল তিনি বিশাল যুদ্ধক্ষেত্রটাতে [MASK] আক্রমণ করবেন বলে খুব ভোরে তাকে বলেছেন,"['Score: 0.1423, Token: 424, Token_str: ##ই', 'Score: 0.0379, Token: 1054, Token_str: এসে', 'Score: 0.0330, Token: 1094, Token_str: গিয়ে', 'Score: 0.0241, Token: 14278, Token_str: গেরিলা', 'Score: 0.0223, Token: 1339, Token_str: তাকে']"
a,15,মিতা জানতে চাচ্ছিলো কাকে দর্জিটা প্রায় উত্তেজিতভাবে [MASK] বলেছেন যে তিনি গ্রামের বাজারে দেখতে পারবেন,মিতা জানতে চাচ্ছিলো কাকে দর্জিটা প্রায় উত্তেজিতভাবে [MASK] বলেছেন যে তিনি গ্রামের বাজারে দেখতে পারবেন,"['Score: 0.0501, Token: 3460, Token_str: দেখিয়ে', 'Score: 0.0448, Token: 954, Token_str: তিনি', 'Score: 0.0443, Token: 5483, Token_str: বুঝিয়ে', 'Score: 0.0388, Token: 1339, Token_str: তাকে', 'Score: 0.0384, Token: 917, Token_str: কথা']"
b,15,মিতা জানতে চাচ্ছিলো কোথায় দর্জিটা প্রায় উত্তেজিতভাবে [MASK] বলেছেন যে তিনি গ্রামের বাজারে তাকে দেখতে পারবেন,মিতা জানতে চাচ্ছিলো কোথায় দর্জিটা প্রায় উত্তেজিতভাবে [MASK] বলেছেন যে তিনি গ্রামের বাজারে তাকে দেখতে পারবেন,"['Score: 0.2495, Token: 1339, Token_str: তাকে', 'Score: 0.0780, Token: 1258, Token_str: আমাকে', 'Score: 0.0655, Token: 917, Token_str: কথা', 'Score: 0.0494, Token: 1815, Token_str: দাঁড়িয়ে', 'Score: 0.0185, Token: 1346, Token_str: বসে']"
c,15,মিতা জানতে চাচ্ছিলো কাকে দর্জিটা তিনি গ্রামের বাজারে [MASK] দেখতে পারবেন বলে প্রায় উত্তেজিতভাবে বলেছেন,মিতা জানতে চাচ্ছিলো কাকে দর্জিটা তিনি গ্রামের বাজারে [MASK] দেখতে পারবেন বলে প্রায় উত্তেজিতভাবে বলেছেন,"['Score: 0.1358, Token: 888, Token_str: নিয়ে', 'Score: 0.1129, Token: 1094, Token_str: গিয়ে', 'Score: 0.1015, Token: 2641, Token_str: এনে', 'Score: 0.0403, Token: 902, Token_str: দিয়ে', 'Score: 0.0333, Token: 1723, Token_str: গেলে']"
d,15,মিতা জানতে চাচ্ছিলো কোথায় দর্জিটা তিনি গ্রামের বাজারে [MASK] দেখতে পারবেন বলে প্রায় উত্তেজিতভাবে তাকে বলেছেন,মিতা জানতে চাচ্ছিলো কোথায় দর্জিটা তিনি গ্রামের বাজারে [MASK] দেখতে পারবেন বলে প্রায় উত্তেজিতভাবে তাকে বলেছেন,"['Score: 0.3535, Token: 1094, Token_str: গিয়ে', 'Score: 0.1200, Token: 1723, Token_str: গেলে', 'Score: 0.0373, Token: 1054, Token_str: এসে', 'Score: 0.0363, Token: 888, Token_str: নিয়ে', 'Score: 0.0310, Token: 2475, Token_str: ঘুরে']"
a,16,নয়ন আবিষ্কার করেছে কাকে পাণ্ডিতটা খুব সহজভাবে [MASK] বলেছেন যে তিনি প্রাচীন মন্দিরটাতে নমস্কার করেছেন,নয়ন আবিষ্কার করেছে কাকে পাণ্ডিতটা খুব সহজভাবে [MASK] বলেছেন যে তিনি প্রাচীন মন্দিরটাতে নমস্কার করেছেন,"['Score: 0.4667, Token: 424, Token_str: ##ই', 'Score: 0.1369, Token: 954, Token_str: তিনি', 'Score: 0.0372, Token: 5483, Token_str: বুঝিয়ে', 'Score: 0.0176, Token: 1172, Token_str: দেখে', 'Score: 0.0120, Token: 888, Token_str: নিয়ে']"
b,16,নয়ন আবিষ্কার করেছে কোথায় পাণ্ডিতটা খুব সহজভাবে [MASK] বলেছেন যে তিনি প্রাচীন মন্দিরটাতে তাকে নমস্কার করেছেন,নয়ন আবিষ্কার করেছে কোথায় পাণ্ডিতটা খুব সহজভাবে [MASK] বলেছেন যে তিনি প্রাচীন মন্দিরটাতে তাকে নমস্কার করেছেন,"['Score: 0.4594, Token: 424, Token_str: ##ই', 'Score: 0.0725, Token: 954, Token_str: তিনি', 'Score: 0.0526, Token: 1339, Token_str: তাকে', 'Score: 0.0446, Token: 809, Token_str: সে', 'Score: 0.0318, Token: 5483, Token_str: বুঝিয়ে']"
c,16,নয়ন আবিষ্কার করেছে কাকে পাণ্ডিতটা তিনি প্রাচীন মন্দিরটাতে [MASK] নমস্কার করেছেন বলে খুব সহজভাবে বলেছেন,নয়ন আবিষ্কার করেছে কাকে পাণ্ডিতটা তিনি প্রাচীন মন্দিরটাতে [MASK] নমস্কার করেছেন বলে খুব সহজভাবে বলেছেন,"['Score: 0.1253, Token: 1815, Token_str: দাঁড়িয়ে', 'Score: 0.1017, Token: 424, Token_str: ##ই', 'Score: 0.0971, Token: 1094, Token_str: গিয়ে', 'Score: 0.0607, Token: 1054, Token_str: এসে', 'Score: 0.0579, Token: 1346, Token_str: বসে']"
d,16,নয়ন আবিষ্কার করেছে কোথায় পাণ্ডিতটা তিনি প্রাচীন মন্দিরটাতে [MASK] নমস্কার করেছেন বলে খুব সহজভাবে তাকে বলেছেন,নয়ন আবিষ্কার করেছে কোথায় পাণ্ডিতটা তিনি প্রাচীন মন্দিরটাতে [MASK] নমস্কার করেছেন বলে খুব সহজভাবে তাকে বলেছেন,"['Score: 0.1727, Token: 1815, Token_str: দাঁড়িয়ে', 'Score: 0.1289, Token: 1094, Token_str: গিয়ে', 'Score: 0.1045, Token: 1346, Token_str: বসে', 'Score: 0.0840, Token: 1339, Token_str: তাকে', 'Score: 0.0770, Token: 1054, Token_str: এসে']"
a,17,আলম শিখেছে কাকে অধ্যাপকটা খুব কৌতূহলীভাবে [MASK] বলেছেন যে তিনি বই মেলাটা থেকে বই কিনে দেবে,আলম শিখেছে কাকে অধ্যাপকটা খুব কৌতূহলীভাবে [MASK] বলেছেন যে তিনি বই মেলাটা থেকে বই কিনে দেবে,"['Score: 0.1301, Token: 1339, Token_str: তাকে', 'Score: 0.0790, Token: 1258, Token_str: আমাকে', 'Score: 0.0512, Token: 1863, Token_str: তাঁকে', 'Score: 0.0444, Token: 917, Token_str: কথা', 'Score: 0.0413, Token: 1708, Token_str: নাকি']"
b,17,আলম শিখেছে কোথায় অধ্যাপকটা খুব কৌতূহলীভাবে [MASK] বলেছেন যে তিনি বই মেলাটা থেকে তাকে বই কিনে দেবে,আলম শিখেছে কোথায় অধ্যাপকটা খুব কৌতূহলীভাবে [MASK] বলেছেন যে তিনি বই মেলাটা থেকে তাকে বই কিনে দেবে,"['Score: 0.5149, Token: 1339, Token_str: তাকে', 'Score: 0.0759, Token: 1258, Token_str: আমাকে', 'Score: 0.0413, Token: 917, Token_str: কথা', 'Score: 0.0112, Token: 1863, Token_str: তাঁকে', 'Score: 0.0108, Token: 17749, Token_str: স্যারকে']"
c,17,আলম শিখেছে কাকে অধ্যাপকটা তিনি বই মেলাটা থেকে [MASK] বই কিনে দেবে বলে খুব কৌতূহলীভাবে বলেছেন,আলম শিখেছে কাকে অধ্যাপকটা তিনি বই মেলাটা থেকে [MASK] বই কিনে দেবে বলে খুব কৌতূহলীভাবে বলেছেন,"['Score: 0.1208, Token: 949, Token_str: একটা', 'Score: 0.0627, Token: 916, Token_str: কিছু', 'Score: 0.0529, Token: 1258, Token_str: আমাকে', 'Score: 0.0402, Token: 1299, Token_str: নতুন', 'Score: 0.0335, Token: 3246, Token_str: সবাইকে']"
d,17,আলম শিখেছে কোথায় অধ্যাপকটা তিনি বই মেলাটা থেকে [MASk] বই কিনে দেবে বলে খুব কৌতূহলীভাবে তাকে বলেছেন,আলম শিখেছে কোথায় অধ্যাপকটা তিনি বই মেলাটা থেকে [MASk] বই কিনে দেবে বলে খুব কৌতূহলীভাবে তাকে বলেছেন,['ERROR: No mask_token ([MASK]) found on the input']
a,18,রোকন জানতো না কাকে গোয়েন্দাটা খুব রহস্যজনকভাবে [MASK] বলেছেন যে তিনি খুব রাতে অনুসন্ধান করবেন,রোকন জানতো না কাকে গোয়েন্দাটা খুব রহস্যজনকভাবে [MASK] বলেছেন যে তিনি খুব রাতে অনুসন্ধান করবেন,"['Score: 0.1604, Token: 1339, Token_str: তাকে', 'Score: 0.0507, Token: 954, Token_str: তিনি', 'Score: 0.0477, Token: 1258, Token_str: আমাকে', 'Score: 0.0445, Token: 3276, Token_str: ডেকে', 'Score: 0.0254, Token: 1708, Token_str: নাকি']"
b,18,রোকন জানতো না কোথায় গোয়েন্দাটা খুব রহস্যজনকভাবে [MASK] বলেছেন যে তিনি খুব রাতে তাকে অনুসন্ধান করবেন,রোকন জানতো না কোথায় গোয়েন্দাটা খুব রহস্যজনকভাবে [MASK] বলেছেন যে তিনি খুব রাতে তাকে অনুসন্ধান করবেন,"['Score: 0.5514, Token: 1339, Token_str: তাকে', 'Score: 0.0629, Token: 1258, Token_str: আমাকে', 'Score: 0.0400, Token: 917, Token_str: কথা', 'Score: 0.0190, Token: 1319, Token_str: এটা', 'Score: 0.0137, Token: 954, Token_str: তিনি']"
c,18,রোকন জানতো না কাকে গোয়েন্দাটা তিনি খুব রাতে [MASK] অনুসন্ধান করবেন বলে খুব রহস্যজনকভাবে বলেছেন,রোকন জানতো না কাকে গোয়েন্দাটা তিনি খুব রাতে [MASK] অনুসন্ধান করবেন বলে খুব রহস্যজনকভাবে বলেছেন,"['Score: 0.0294, Token: 826, Token_str: তার', 'Score: 0.0231, Token: 1054, Token_str: এসে', 'Score: 0.0174, Token: 830, Token_str: এই', 'Score: 0.0163, Token: 1346, Token_str: বসে', 'Score: 0.0162, Token: 816, Token_str: তা']"
d,18,রোকন জানতো না কোথায় গোয়েন্দাটা তিনি খুব রাতে [MASK] অনুসন্ধান করবেন বলে খুব রহস্যজনকভাবে তাকে বলেছেন,রোকন জানতো না কোথায় গোয়েন্দাটা তিনি খুব রাতে [MASK] অনুসন্ধান করবেন বলে খুব রহস্যজনকভাবে তাকে বলেছেন,"['Score: 0.0567, Token: 826, Token_str: তার', 'Score: 0.0276, Token: 1054, Token_str: এসে', 'Score: 0.0227, Token: 830, Token_str: এই', 'Score: 0.0190, Token: 1424, Token_str: এখানে', 'Score: 0.0189, Token: 1339, Token_str: তাকে']"
a,19,শীলা জিজ্ঞাসা করেছে কাকে বিমানচালকটা বেশ হঠাৎ [MASK] বলেছেন যে তিনি একদম আন্তরিকভাবে আদর করেন,শীলা জিজ্ঞাসা করেছে কাকে বিমানচালকটা বেশ হঠাৎ [MASK] বলেছেন যে তিনি একদম আন্তরিকভাবে আদর করেন,"['Score: 0.4829, Token: 2635, Token_str: করেই', 'Score: 0.4258, Token: 792, Token_str: করে', 'Score: 0.0081, Token: 917, Token_str: কথা', 'Score: 0.0079, Token: 1258, Token_str: আমাকে', 'Score: 0.0059, Token: 3276, Token_str: ডেকে']"
b,19, শীলা জিজ্ঞাসা করেছে কোথায় বিমানচালকটা বেশ হঠাৎ [MASK] বলেছেন যে তিনি একদম আন্তরিকভাবে তাকে আদর করেন, শীলা জিজ্ঞাসা করেছে কোথায় বিমানচালকটা বেশ হঠাৎ [MASK] বলেছেন যে তিনি একদম আন্তরিকভাবে তাকে আদর করেন,"['Score: 0.4506, Token: 792, Token_str: করে', 'Score: 0.4285, Token: 2635, Token_str: করেই', 'Score: 0.0116, Token: 1258, Token_str: আমাকে', 'Score: 0.0109, Token: 1339, Token_str: তাকে', 'Score: 0.0104, Token: 917, Token_str: কথা']"
c,19,শীলা জিজ্ঞাসা করেছে কাকে বিমানচালকটা তিনি একদম আন্তরিকভাবে [MASK] আদর করেন বলে বেশ হঠাৎ বলেছেন,শীলা জিজ্ঞাসা করেছে কাকে বিমানচালকটা তিনি একদম আন্তরিকভাবে [MASK] আদর করেন বলে বেশ হঠাৎ বলেছেন,"['Score: 0.1811, Token: 1339, Token_str: তাকে', 'Score: 0.1092, Token: 1103, Token_str: খুব', 'Score: 0.0856, Token: 1284, Token_str: এত', 'Score: 0.0428, Token: 1258, Token_str: আমাকে', 'Score: 0.0379, Token: 1863, Token_str: তাঁকে']"
d,19,শীলা জিজ্ঞাসা করেছে কোথায় বিমানচালকটা তিনি একদম আন্তরিকভাবে [MASK] আদর করেন বলে বেশ হঠাৎ তাকে বলেছেন,শীলা জিজ্ঞাসা করেছে কোথায় বিমানচালকটা তিনি একদম আন্তরিকভাবে [MASK] আদর করেন বলে বেশ হঠাৎ তাকে বলেছেন,"['Score: 0.5568, Token: 1339, Token_str: তাকে', 'Score: 0.0650, Token: 1103, Token_str: খুব', 'Score: 0.0255, Token: 1258, Token_str: আমাকে', 'Score: 0.0242, Token: 1284, Token_str: এত', 'Score: 0.0215, Token: 1732, Token_str: ওকে']"
a,20,মণীষা ইনটারনেটে পড়েছে কাকে ভ্রমণকারীটা খুবই অপ্রত্যাশিতভাবে [MASK] বলেছেন যে তিনি কলকাতার বিমানবন্দরটাতে ডাকাতি করেছেন,মণীষা ইনটারনেটে পড়েছে কাকে ভ্রমণকারীটা খুবই অপ্রত্যাশিতভাবে [MASK] বলেছেন যে তিনি কলকাতার বিমানবন্দরটাতে ডাকাতি করেছেন,"['Score: 0.2311, Token: 1339, Token_str: তাকে', 'Score: 0.1533, Token: 1258, Token_str: আমাকে', 'Score: 0.0759, Token: 954, Token_str: তিনি', 'Score: 0.0506, Token: 1863, Token_str: তাঁকে', 'Score: 0.0224, Token: 27997, Token_str: বিবিসিকে']"
b,20,মণীষা ইনটারনেটে পড়েছে কোথায় ভ্রমণকারীটা খুবই অপ্রত্যাশিতভাবে [MASK] বলেছেন যে তিনি কলকাতার বিমানবন্দরটাতে তাকে ডাকাতি করেছেন,মণীষা ইনটারনেটে পড়েছে কোথায় ভ্রমণকারীটা খুবই অপ্রত্যাশিতভাবে [MASK] বলেছেন যে তিনি কলকাতার বিমানবন্দরটাতে তাকে ডাকাতি করেছেন,"['Score: 0.3236, Token: 1339, Token_str: তাকে', 'Score: 0.1329, Token: 1258, Token_str: আমাকে', 'Score: 0.1236, Token: 954, Token_str: তিনি', 'Score: 0.0249, Token: 27997, Token_str: বিবিসিকে', 'Score: 0.0230, Token: 1319, Token_str: এটা']"
c,20,মণীষা ইনটারনেটে পড়েছে কাকে ভ্রমণকারীটা তিনি কলকাতার বিমানবন্দরটাতে [MASK] ডাকাতি করেছেন বলে খুবই অপ্রত্যাশিতভাবে বলেছেন,মণীষা ইনটারনেটে পড়েছে কাকে ভ্রমণকারীটা তিনি কলকাতার বিমানবন্দরটাতে [MASK] ডাকাতি করেছেন বলে খুবই অপ্রত্যাশিতভাবে বলেছেন,"['Score: 0.1425, Token: 424, Token_str: ##ই', 'Score: 0.0923, Token: 2819, Token_str: বিমান', 'Score: 0.0341, Token: 990, Token_str: একটি', 'Score: 0.0297, Token: 27225, Token_str: দুর্ধর্ষ', 'Score: 0.0224, Token: 949, Token_str: একটা']"
d,20,মণীষা ইনটারনেটে পড়েছে কোথায় ভ্রমণকারীটা তিনি কলকাতার বিমানবন্দরটাতে [MASK] ডাকাতি করেছেন বলে খুবই অপ্রত্যাশিতভাবে তাকে বলেছেন,মণীষা ইনটারনেটে পড়েছে কোথায় ভ্রমণকারীটা তিনি কলকাতার বিমানবন্দরটাতে [MASK] ডাকাতি করেছেন বলে খুবই অপ্রত্যাশিতভাবে তাকে বলেছেন,"['Score: 0.1249, Token: 424, Token_str: ##ই', 'Score: 0.0618, Token: 2819, Token_str: বিমান', 'Score: 0.0414, Token: 990, Token_str: একটি', 'Score: 0.0323, Token: 27225, Token_str: দুর্ধর্ষ', 'Score: 0.0282, Token: 949, Token_str: একটা']"
a,21,সায়েম রেডিওতে শুনেছে কাকে উকিলটা অনেক জোরালোভাবে [MASK] বলেছেন যে তিনি গুরুত্বপুর্ণ নির্বাচনে সমর্থন করবেন,সায়েম রেডিওতে শুনেছে কাকে উকিলটা অনেক জোরালোভাবে [MASK] বলেছেন যে তিনি গুরুত্বপুর্ণ নির্বাচনে সমর্থন করবেন,"['Score: 0.2438, Token: 954, Token_str: তিনি', 'Score: 0.0804, Token: 5483, Token_str: বুঝিয়ে', 'Score: 0.0797, Token: 424, Token_str: ##ই', 'Score: 0.0556, Token: 1339, Token_str: তাকে', 'Score: 0.0278, Token: 1258, Token_str: আমাকে']"
b,21,সায়েম রেডিওতে শুনেছে কোথায় উকিলটা অনেক জোরালোভাবে [MASK] বলেছেন যে তিনি গুরুত্বপুর্ণ নির্বাচনে তাকে সমর্থন করবেন,সায়েম রেডিওতে শুনেছে কোথায় উকিলটা অনেক জোরালোভাবে [MASK] বলেছেন যে তিনি গুরুত্বপুর্ণ নির্বাচনে তাকে সমর্থন করবেন,"['Score: 0.3374, Token: 1339, Token_str: তাকে', 'Score: 0.1060, Token: 917, Token_str: কথা', 'Score: 0.0641, Token: 954, Token_str: তিনি', 'Score: 0.0489, Token: 1258, Token_str: আমাকে', 'Score: 0.0384, Token: 424, Token_str: ##ই']"
c,21,সায়েম রেডিওতে শুনেছে কাকে উকিলটাতিনি গুরুত্বপুর্ণ নির্বাচনে [MASK] সমর্থন করবেন বলে অনেক জোরালোভাবে বলেছেন,সায়েম রেডিওতে শুনেছে কাকে উকিলটাতিনি গুরুত্বপুর্ণ নির্বাচনে [MASK] সমর্থন করবেন বলে অনেক জোরালোভাবে বলেছেন,"['Score: 0.0998, Token: 1339, Token_str: তাকে', 'Score: 0.0594, Token: 6666, Token_str: দলকে', 'Score: 0.0561, Token: 20361, Token_str: বিএনপিকে', 'Score: 0.0478, Token: 1258, Token_str: আমাকে', 'Score: 0.0439, Token: 1863, Token_str: তাঁকে']"
d,21,সায়েম রেডিওতে শুনেছে কোথায় উকিলটাতিনি গুরুত্বপুর্ণ নির্বাচনে [MASK] সমর্থন করবেন বলে অনেক জোরালোভাবে তাকে বলেছেন,সায়েম রেডিওতে শুনেছে কোথায় উকিলটাতিনি গুরুত্বপুর্ণ নির্বাচনে [MASK] সমর্থন করবেন বলে অনেক জোরালোভাবে তাকে বলেছেন,"['Score: 0.3060, Token: 1339, Token_str: তাকে', 'Score: 0.0747, Token: 1258, Token_str: আমাকে', 'Score: 0.0648, Token: 20361, Token_str: বিএনপিকে', 'Score: 0.0429, Token: 1060, Token_str: তাদের', 'Score: 0.0348, Token: 6666, Token_str: দলকে']"
a,22,নাজিয়া ঘোষণা করেছে কাকে চাষিটা প্রায় নিশ্চিতভাবে [MASK] বলেছেন যে তিনি আগামী সপ্তাহে তাকে হাতিয়ার দেবেন,নাজিয়া ঘোষণা করেছে কাকে চাষিটা প্রায় নিশ্চিতভাবে [MASK] বলেছেন যে তিনি আগামী সপ্তাহে তাকে হাতিয়ার দেবেন,"['Score: 0.3344, Token: 424, Token_str: ##ই', 'Score: 0.0608, Token: 954, Token_str: তিনি', 'Score: 0.0408, Token: 1339, Token_str: তাকে', 'Score: 0.0362, Token: 3439, Token_str: এটাই', 'Score: 0.0193, Token: 1319, Token_str: এটা']"
b,22,নাজিয়া ঘোষণা করেছে কোথায় চাষিটা প্রায় নিশ্চিতভাবে [MASK] বলেছেন যে তিনি আগামী সপ্তাহে তাকে হাতিয়ার দেবেন,নাজিয়া ঘোষণা করেছে কোথায় চাষিটা প্রায় নিশ্চিতভাবে [MASK] বলেছেন যে তিনি আগামী সপ্তাহে তাকে হাতিয়ার দেবেন,"['Score: 0.2206, Token: 424, Token_str: ##ই', 'Score: 0.0637, Token: 954, Token_str: তিনি', 'Score: 0.0626, Token: 1339, Token_str: তাকে', 'Score: 0.0543, Token: 3439, Token_str: এটাই', 'Score: 0.0381, Token: 1319, Token_str: এটা']"
c,22,নাজিয়া ঘোষণা করেছে কাকে চাষিটা তিনি আগামী সপ্তাহে [MASK] হাতিয়ার দেবেন বলে প্রায় নিশ্চিতভাবে তাকে বলেছেন,নাজিয়া ঘোষণা করেছে কাকে চাষিটা তিনি আগামী সপ্তাহে [MASK] হাতিয়ার দেবেন বলে প্রায় নিশ্চিতভাবে তাকে বলেছেন,"['Score: 0.0605, Token: 1339, Token_str: তাকে', 'Score: 0.0319, Token: 4914, Token_str: যুদ্ধের', 'Score: 0.0289, Token: 1299, Token_str: নতুন', 'Score: 0.0287, Token: 826, Token_str: তার', 'Score: 0.0258, Token: 14840, Token_str: চাষের']"
d,22,নাজিয়া ঘোষণা করেছে কোথায় চাষিটা তিনি আগামী সপ্তাহে [MASK] হাতিয়ার দেবেন বলে প্রায় নিশ্চিতভাবে তাকে বলেছেন,নাজিয়া ঘোষণা করেছে কোথায় চাষিটা তিনি আগামী সপ্তাহে [MASK] হাতিয়ার দেবেন বলে প্রায় নিশ্চিতভাবে তাকে বলেছেন,"['Score: 0.0892, Token: 1339, Token_str: তাকে', 'Score: 0.0317, Token: 4914, Token_str: যুদ্ধের', 'Score: 0.0292, Token: 826, Token_str: তার', 'Score: 0.0279, Token: 1299, Token_str: নতুন', 'Score: 0.0241, Token: 14840, Token_str: চাষের']"
a,23,রূপা এখনও জানে কাকে ভাস্করটা বেশ উত্তেজিতভাবে [MASK] বলেছেন যে তিনি শিল্প যাদুঘরটাতে প্রসংসা করেছেন,রূপা এখনও জানে কাকে ভাস্করটা বেশ উত্তেজিতভাবে [MASK] বলেছেন যে তিনি শিল্প যাদুঘরটাতে প্রসংসা করেছেন,"['Score: 0.1047, Token: 1339, Token_str: তাকে', 'Score: 0.0800, Token: 917, Token_str: কথা', 'Score: 0.0568, Token: 424, Token_str: ##ই', 'Score: 0.0313, Token: 5483, Token_str: বুঝিয়ে', 'Score: 0.0304, Token: 3276, Token_str: ডেকে']"
b,23,রূপা এখনও জানে কোথায় ভাস্করটা বেশ উত্তেজিতভাবে [MASK] বলেছেন যে তিনি শিল্প যাদুঘরটাতে তাকে প্রসংসা করেছেন,রূপা এখনও জানে কোথায় ভাস্করটা বেশ উত্তেজিতভাবে [MASK] বলেছেন যে তিনি শিল্প যাদুঘরটাতে তাকে প্রসংসা করেছেন,"['Score: 0.5166, Token: 1339, Token_str: তাকে', 'Score: 0.0760, Token: 917, Token_str: কথা', 'Score: 0.0382, Token: 1258, Token_str: আমাকে', 'Score: 0.0226, Token: 7883, Token_str: একথা', 'Score: 0.0119, Token: 1319, Token_str: এটা']"
c,23,রূপা এখনও জানে কাকে ভাস্করটা তিনি শিল্প যাদুঘরটাতে [Mask] প্রসংসা করেছেন বলে বেশ উত্তেজিতভাবে বলেছেন,রূপা এখনও জানে কাকে ভাস্করটা তিনি শিল্প যাদুঘরটাতে [Mask] প্রসংসা করেছেন বলে বেশ উত্তেজিতভাবে বলেছেন,['ERROR: No mask_token ([MASK]) found on the input']
d,23,রূপা এখনও জানে কোথায় ভাস্করটা তিনি শিল্প যাদুঘরটাতে [MASK] প্রসংসা করেছেন বলে বেশ উত্তেজিতভাবে তাকে বলেছেন,রূপা এখনও জানে কোথায় ভাস্করটা তিনি শিল্প যাদুঘরটাতে [MASK] প্রসংসা করেছেন বলে বেশ উত্তেজিতভাবে তাকে বলেছেন,"['Score: 0.1579, Token: 1094, Token_str: গিয়ে', 'Score: 0.1084, Token: 424, Token_str: ##ই', 'Score: 0.0704, Token: 826, Token_str: তার', 'Score: 0.0401, Token: 1346, Token_str: বসে', 'Score: 0.0359, Token: 463, Token_str: ##ও']"
a,24,ললিতা অনুমান করেছে কাকে ভাড়াটেটা বেশ দুঃখিতভাবে [MASK] বলেছেন যে তিনি এই বছরে ভাড়া দেবেন না,ললিতা অনুমান করেছে কাকে ভাড়াটেটা বেশ দুঃখিতভাবে [MASK] বলেছেন যে তিনি এই বছরে ভাড়া দেবেন না,"['Score: 0.0789, Token: 1339, Token_str: তাকে', 'Score: 0.0774, Token: 954, Token_str: তিনি', 'Score: 0.0593, Token: 1863, Token_str: তাঁকে', 'Score: 0.0498, Token: 1708, Token_str: নাকি', 'Score: 0.0351, Token: 424, Token_str: ##ই']"
b,24,ললিতা অনুমান করেছে কোথায় ভাড়াটেটা বেশ দুঃখিতভাবে [MASK] বলেছেন যে তিনি এই বছরে তাঁকে ভাড়া দেবেন না,ললিতা অনুমান করেছে কোথায় ভাড়াটেটা বেশ দুঃখিতভাবে [MASK] বলেছেন যে তিনি এই বছরে তাঁকে ভাড়া দেবেন না,"['Score: 0.4650, Token: 1863, Token_str: তাঁকে', 'Score: 0.0866, Token: 1339, Token_str: তাকে', 'Score: 0.0309, Token: 1258, Token_str: আমাকে', 'Score: 0.0231, Token: 917, Token_str: কথা', 'Score: 0.0140, Token: 1633, Token_str: তাঁদের']"
c,24,ললিতা অনুমান করেছে কাকে ভাড়াটেটা তিনি এই বছরে [MASK] ভাড়া দেবেন না বলে বেশ দুঃখিতভাবে বলেছেন,ললিতা অনুমান করেছে কাকে ভাড়াটেটা তিনি এই বছরে [MASK] ভাড়া দেবেন না বলে বেশ দুঃখিতভাবে বলেছেন,"['Score: 0.2354, Token: 815, Token_str: আর', 'Score: 0.0800, Token: 1434, Token_str: বাড়ি', 'Score: 0.0381, Token: 2838, Token_str: কাউকে', 'Score: 0.0230, Token: 1278, Token_str: বেশি', 'Score: 0.0200, Token: 1863, Token_str: তাঁকে']"
d,24,ললিতা অনুমান করেছে কোথায় ভাড়াটেটা তিনি এই বছরে [MASK] ভাড়া দেবেন না বলে বেশ দুঃখিতভাবে তাঁকে বলেছেন,ললিতা অনুমান করেছে কোথায় ভাড়াটেটা তিনি এই বছরে [MASK] ভাড়া দেবেন না বলে বেশ দুঃখিতভাবে তাঁকে বলেছেন,"['Score: 0.2040, Token: 815, Token_str: আর', 'Score: 0.1300, Token: 1434, Token_str: বাড়ি', 'Score: 0.0453, Token: 2838, Token_str: কাউকে', 'Score: 0.0417, Token: 1863, Token_str: তাঁকে', 'Score: 0.0204, Token: 1278, Token_str: বেশি']"
a,25,ইভা আবিষ্কার করেছে কাকে চিত্রনির্মাতাটি বেশ গোপনভাবে [MASK] বলছেন যে তিনি তাঁর স্টুডিওটায় ফিল্ম তুলবেন,ইভা আবিষ্কার করেছে কাকে চিত্রনির্মাতাটি বেশ গোপনভাবে [MASK] বলছেন যে তিনি তাঁর স্টুডিওটায় ফিল্ম তুলবেন,"['Score: 0.1434, Token: 917, Token_str: কথা', 'Score: 0.0819, Token: 424, Token_str: ##ই', 'Score: 0.0744, Token: 1863, Token_str: তাঁকে', 'Score: 0.0395, Token: 1339, Token_str: তাকে', 'Score: 0.0274, Token: 10458, Token_str: এও']"
b,25,ইভা আবিষ্কার করেছে কোথায় চিত্রনির্মাতাটি বেশ গোপনভাবে [MASK] বলছেন যে তিনি তাঁর স্টুডিওটায় ফিল্ম তুলবেন,ইভা আবিষ্কার করেছে কোথায় চিত্রনির্মাতাটি বেশ গোপনভাবে [MASK] বলছেন যে তিনি তাঁর স্টুডিওটায় ফিল্ম তুলবেন,"['Score: 0.1919, Token: 917, Token_str: কথা', 'Score: 0.0746, Token: 1863, Token_str: তাঁকে', 'Score: 0.0563, Token: 954, Token_str: তিনি', 'Score: 0.0453, Token: 424, Token_str: ##ই', 'Score: 0.0388, Token: 1339, Token_str: তাকে']"
c,25,ইভা আবিষ্কার করেছে কাকে চিত্রনির্মাতাটি তিনি তাঁর স্টুডিওটায় [MASK] ফিল্ম তুলবেন বলে বেশ গোপনভাবে বলছেন,ইভা আবিষ্কার করেছে কাকে চিত্রনির্মাতাটি তিনি তাঁর স্টুডিওটায় [MASK] ফিল্ম তুলবেন বলে বেশ গোপনভাবে বলছেন,"['Score: 0.2163, Token: 990, Token_str: একটি', 'Score: 0.1074, Token: 1299, Token_str: নতুন', 'Score: 0.0575, Token: 949, Token_str: একটা', 'Score: 0.0348, Token: 12079, Token_str: শর্ট', 'Score: 0.0165, Token: 1346, Token_str: বসে']"
d,25,ইভা আবিষ্কার করেছে কোথায় চিত্রনির্মাতাটি তিনি তাঁর স্টুডিওটায় [MASK] ফিল্ম তুলবেন বলে বেশ গোপনভাবে তাকে বলছেন,ইভা আবিষ্কার করেছে কোথায় চিত্রনির্মাতাটি তিনি তাঁর স্টুডিওটায় [MASK] ফিল্ম তুলবেন বলে বেশ গোপনভাবে তাকে বলছেন,"['Score: 0.2519, Token: 990, Token_str: একটি', 'Score: 0.0740, Token: 1299, Token_str: নতুন', 'Score: 0.0646, Token: 949, Token_str: একটা', 'Score: 0.0307, Token: 12079, Token_str: শর্ট', 'Score: 0.0292, Token: 1346, Token_str: বসে']"
