condition,item,sentence,normalized_input,predictions
a,1,রাশাদ জিজ্ঞাসা করেছে কাকে ডাক্তারটা খুবই অবাকভাবে [MASK] বলেছেন যে তিনি পুরানো হাসপাতালে চিকিৎসা করেছেন,রাশাদ জিজ্ঞাসা করেছে কাকে ডাক্তারটা খুবই অবাকভাবে [MASK] বলেছেন যে তিনি পুরানো হাসপাতালে চিকিৎসা করেছেন,"['Score: 0.3785, Token: 2049, Token_str: তিনি', 'Score: 0.1084, Token: 100, Token_str: [UNK]', 'Score: 0.0400, Token: 2988, Token_str: আমাকে', 'Score: 0.0307, Token: 2362, Token_str: বলতে', 'Score: 0.0201, Token: 2039, Token_str: করে']"
b,1,রাশাদ জিজ্ঞাসা করেছে কখন ডাক্তারটা খুবই অবাকভাবে [MASK] বলেছেন যে তিনি পুরানো হাসপাতালে তাকে চিকিৎসা করেছেন,রাশাদ জিজ্ঞাসা করেছে কখন ডাক্তারটা খুবই অবাকভাবে [MASK] বলেছেন যে তিনি পুরানো হাসপাতালে তাকে চিকিৎসা করেছেন,"['Score: 0.4279, Token: 2049, Token_str: তিনি', 'Score: 0.0584, Token: 2988, Token_str: আমাকে', 'Score: 0.0276, Token: 2271, Token_str: তাকে', 'Score: 0.0252, Token: 2205, Token_str: তাঁকে', 'Score: 0.0223, Token: 100, Token_str: [UNK]']"
c,1,রাশাদ জিজ্ঞাসা করেছে কাকে ডাক্তারটা তিনি পুরানো হাসপাতালে [MASK] চিকিৎসা করেছেন বলে খুবই অবাকভাবে  বলেছেন,রাশাদ জিজ্ঞাসা করেছে কাকে ডাক্তারটা তিনি পুরানো হাসপাতালে [MASK] চিকিৎসা করেছেন বলে খুবই অবাকভাবে বলেছেন,"['Score: 0.2623, Token: 100, Token_str: [UNK]', 'Score: 0.1222, Token: 2067, Token_str: তাঁর', 'Score: 0.0288, Token: 2056, Token_str: তার', 'Score: 0.0242, Token: 2705, Token_str: জরুরি', 'Score: 0.0237, Token: 2058, Token_str: ##ও']"
d,1,রাশাদ জিজ্ঞাসা করেছে কখন ডাক্তারটা তিনি পুরানো হাসপাতালে [MASK] চিকিৎসা করেছেন বলে খুবই অবাকভাবে তাকে বলেছেন,রাশাদ জিজ্ঞাসা করেছে কখন ডাক্তারটা তিনি পুরানো হাসপাতালে [MASK] চিকিৎসা করেছেন বলে খুবই অবাকভাবে তাকে বলেছেন,"['Score: 0.1908, Token: 100, Token_str: [UNK]', 'Score: 0.1246, Token: 2056, Token_str: তার', 'Score: 0.0771, Token: 2067, Token_str: তাঁর', 'Score: 0.0235, Token: 2444, Token_str: এসে', 'Score: 0.0234, Token: 2705, Token_str: জরুরি']"
a,2,জাহিদ পত্রিকায় পড়েছে কাকে রাজনীতবিদটা বেশ জোরে [MASK] বলেছেন যে তিনি জাতিসংঘের ভবনে অভিবাদন জানিয়েছেন,জাহিদ পত্রিকায় পড়েছে কাকে রাজনীতবিদটা বেশ জোরে [MASK] বলেছেন যে তিনি জাতিসংঘের ভবনে অভিবাদন জানিয়েছেন,"['Score: 0.1694, Token: 2062, Token_str: ##ই', 'Score: 0.0988, Token: 100, Token_str: [UNK]', 'Score: 0.0522, Token: 2058, Token_str: ##ও', 'Score: 0.0304, Token: 2198, Token_str: ধরে', 'Score: 0.0251, Token: 5872, Token_str: ##ছেন']"
b,2,জাহিদ পত্রিকায় পড়েছে কখন রাজনীতবিদটা বেশ জোরে [MASK] বলেছেন যে তিনি জাতিসংঘের ভবনে তাকে অভিবাদন জানিয়েছেন,জাহিদ পত্রিকায় পড়েছে কখন রাজনীতবিদটা বেশ জোরে [MASK] বলেছেন যে তিনি জাতিসংঘের ভবনে তাকে অভিবাদন জানিয়েছেন,"['Score: 0.1328, Token: 2062, Token_str: ##ই', 'Score: 0.0386, Token: 5872, Token_str: ##ছেন', 'Score: 0.0349, Token: 2058, Token_str: ##ও', 'Score: 0.0320, Token: 2262, Token_str: গিয়ে', 'Score: 0.0270, Token: 2392, Token_str: ##ন']"
c,2,জাহিদ পত্রিকায় পড়েছে কাকে রাজনীতবিদটা তিনি জাতিসংঘের ভবনে [MASK] অভিবাদন জানিয়েছেন বলে বেশ জোরে বলেছেন,জাহিদ পত্রিকায় পড়েছে কাকে রাজনীতবিদটা তিনি জাতিসংঘের ভবনে [MASK] অভিবাদন জানিয়েছেন বলে বেশ জোরে বলেছেন,"['Score: 0.0974, Token: 2067, Token_str: তাঁর', 'Score: 0.0951, Token: 100, Token_str: [UNK]', 'Score: 0.0526, Token: 2127, Token_str: আমাদের', 'Score: 0.0467, Token: 2126, Token_str: তাঁদের', 'Score: 0.0422, Token: 2205, Token_str: তাঁকে']"
d,2,জাহিদ পত্রিকায় পড়েছে কখন রাজনীতবিদটা তিনি জাতিসংঘের ভবনে [MASK] অভিবাদন জানিয়েছেন বলে বেশ জোরে তাকে বলেছেন,জাহিদ পত্রিকায় পড়েছে কখন রাজনীতবিদটা তিনি জাতিসংঘের ভবনে [MASK] অভিবাদন জানিয়েছেন বলে বেশ জোরে তাকে বলেছেন,"['Score: 0.0999, Token: 2067, Token_str: তাঁর', 'Score: 0.0446, Token: 100, Token_str: [UNK]', 'Score: 0.0406, Token: 2127, Token_str: আমাদের', 'Score: 0.0377, Token: 2056, Token_str: তার', 'Score: 0.0363, Token: 2205, Token_str: তাঁকে']"
a,3,সীতা শুনেছে কাকে বিজ্ঞানীটা কিছুটা বিস্মিতভাবে [MASK] বলেছেন যে তিনি বার্ষিক অনুষ্ঠানটাতে পুরষ্কার দেবেন,সীতা শুনেছে কাকে বিজ্ঞানীটা কিছুটা বিস্মিতভাবে [MASK] বলেছেন যে তিনি বার্ষিক অনুষ্ঠানটাতে পুরষ্কার দেবেন,"['Score: 0.2081, Token: 2084, Token_str: দিয়ে', 'Score: 0.0588, Token: 2065, Token_str: নিয়ে', 'Score: 0.0430, Token: 2039, Token_str: করে', 'Score: 0.0347, Token: 2049, Token_str: তিনি', 'Score: 0.0201, Token: 2176, Token_str: দিতে']"
b,3,সীতা শুনেছে কখন বিজ্ঞানীটা কিছুটা বিস্মিতভাবে [MASK] বলেছেন যে তিনি বার্ষিক অনুষ্ঠানটাতে তাকে পুরষ্কার দেবেন,সীতা শুনেছে কখন বিজ্ঞানীটা কিছুটা বিস্মিতভাবে [MASK] বলেছেন যে তিনি বার্ষিক অনুষ্ঠানটাতে তাকে পুরষ্কার দেবেন,"['Score: 0.0895, Token: 2084, Token_str: দিয়ে', 'Score: 0.0672, Token: 2271, Token_str: তাকে', 'Score: 0.0669, Token: 2049, Token_str: তিনি', 'Score: 0.0456, Token: 2039, Token_str: করে', 'Score: 0.0307, Token: 2062, Token_str: ##ই']"
c,3,সীতা শুনেছে কাকে বিজ্ঞানীটা তিনি বার্ষিক অনুষ্ঠানটাতে [MASK] পুরষ্কার দেবেন বলে কিছুটা বিস্মিতভাবে বলেছেন,সীতা শুনেছে কাকে বিজ্ঞানীটা তিনি বার্ষিক অনুষ্ঠানটাতে [MASK] পুরষ্কার দেবেন বলে কিছুটা বিস্মিতভাবে বলেছেন,"['Score: 0.1241, Token: 2062, Token_str: ##ই', 'Score: 0.1229, Token: 4307, Token_str: কাকে', 'Score: 0.0517, Token: 2046, Token_str: ##র', 'Score: 0.0325, Token: 2056, Token_str: তার', 'Score: 0.0203, Token: 2271, Token_str: তাকে']"
d,3,সীতা শুনেছে কখন বিজ্ঞানীটা তিনি বার্ষিক অনুষ্ঠানটাতে [MASK] পুরষ্কার দেবেন বলে কিছুটা বিস্মিতভাবে তাকে বলেছেন,সীতা শুনেছে কখন বিজ্ঞানীটা তিনি বার্ষিক অনুষ্ঠানটাতে [MASK] পুরষ্কার দেবেন বলে কিছুটা বিস্মিতভাবে তাকে বলেছেন,"['Score: 0.0803, Token: 2062, Token_str: ##ই', 'Score: 0.0645, Token: 2056, Token_str: তার', 'Score: 0.0500, Token: 2046, Token_str: ##র', 'Score: 0.0273, Token: 2271, Token_str: তাকে', 'Score: 0.0246, Token: 2444, Token_str: এসে']"
a,4,জোনাকী ঘোষণা করবে কাকে ব্যবসায়ীটা খানিকটা সাবধানে [MASK] বলেছেন যে তিনি নতুন কোম্পানীটাতে চাকরি দেবেন,জোনাকী ঘোষণা করবে কাকে ব্যবসায়ীটা খানিকটা সাবধানে [MASK] বলেছেন যে তিনি নতুন কোম্পানীটাতে চাকরি দেবেন,"['Score: 0.2937, Token: 2049, Token_str: তিনি', 'Score: 0.1684, Token: 100, Token_str: [UNK]', 'Score: 0.0376, Token: 2039, Token_str: করে', 'Score: 0.0223, Token: 2085, Token_str: কথা', 'Score: 0.0181, Token: 2062, Token_str: ##ই']"
b,4,জোনাকী ঘোষণা করবে কখন ব্যবসায়ীটা খানিকটা সাবধানে [MASK] বলেছেন যে তিনি নতুন কোম্পানীটাতে তাকে চাকরি দেবেন,জোনাকী ঘোষণা করবে কখন ব্যবসায়ীটা খানিকটা সাবধানে [MASK] বলেছেন যে তিনি নতুন কোম্পানীটাতে তাকে চাকরি দেবেন,"['Score: 0.3591, Token: 2049, Token_str: তিনি', 'Score: 0.0760, Token: 100, Token_str: [UNK]', 'Score: 0.0339, Token: 2085, Token_str: কথা', 'Score: 0.0325, Token: 2039, Token_str: করে', 'Score: 0.0218, Token: 2062, Token_str: ##ই']"
c,4,জোনাকী ঘোষণা করবে কাকে ব্যবসায়ীটা তিনি নতুন কোম্পানীটাতে [MASK] চাকরি দেবেন বলে খানিকটা সাবধানে বলেছেন,জোনাকী ঘোষণা করবে কাকে ব্যবসায়ীটা তিনি নতুন কোম্পানীটাতে [MASK] চাকরি দেবেন বলে খানিকটা সাবধানে বলেছেন,"['Score: 0.7701, Token: 2062, Token_str: ##ই', 'Score: 0.0468, Token: 2058, Token_str: ##ও', 'Score: 0.0243, Token: 100, Token_str: [UNK]', 'Score: 0.0119, Token: 2046, Token_str: ##র', 'Score: 0.0084, Token: 2067, Token_str: তাঁর']"
d,4,জোনাকী ঘোষণা করবে কখন ব্যবসায়ীটা তিনি নতুন কোম্পানীটাতে [MASK] চাকরি দেবেন বলে খানিকটা সাবধানে তাকে বলেছেন,জোনাকী ঘোষণা করবে কখন ব্যবসায়ীটা তিনি নতুন কোম্পানীটাতে [MASK] চাকরি দেবেন বলে খানিকটা সাবধানে তাকে বলেছেন,"['Score: 0.7178, Token: 2062, Token_str: ##ই', 'Score: 0.0717, Token: 2058, Token_str: ##ও', 'Score: 0.0151, Token: 100, Token_str: [UNK]', 'Score: 0.0113, Token: 2046, Token_str: ##র', 'Score: 0.0088, Token: 2067, Token_str: তাঁর']"
a,5,সাবরিনা এখনও জানে কাকে শিক্ষকটা অত্যন্ত সহজভাবে [MASK] বলেছেন যে তিনি গ্রামের স্কুলটাতে শেখাতে চান,সাবরিনা এখনও জানে কাকে শিক্ষকটা অত্যন্ত সহজভাবে [MASK] বলেছেন যে তিনি গ্রামের স্কুলটাতে শেখাতে চান,"['Score: 0.2685, Token: 2049, Token_str: তিনি', 'Score: 0.0603, Token: 2042, Token_str: এবং', 'Score: 0.0489, Token: 2362, Token_str: বলতে', 'Score: 0.0249, Token: 2084, Token_str: দিয়ে', 'Score: 0.0168, Token: 2062, Token_str: ##ই']"
b,5,সাবরিনা এখনও জানে কখন শিক্ষকটা অত্যন্ত সহজভাবে [MASK] বলেছেন যে তিনি গ্রামের স্কুলটাতে তাকে শেখাতে চান,সাবরিনা এখনও জানে কখন শিক্ষকটা অত্যন্ত সহজভাবে [MASK] বলেছেন যে তিনি গ্রামের স্কুলটাতে তাকে শেখাতে চান,"['Score: 0.3151, Token: 2049, Token_str: তিনি', 'Score: 0.0498, Token: 2042, Token_str: এবং', 'Score: 0.0409, Token: 2271, Token_str: তাকে', 'Score: 0.0365, Token: 2062, Token_str: ##ই', 'Score: 0.0207, Token: 2197, Token_str: এটা']"
c,5,সাবরিনা এখনও জানে কাকে শিক্ষকটা তিনি গ্রামের স্কুলটাতে [MASK] শেখাতে চান বলে অত্যন্ত সহজভাবে বলেছেন,সাবরিনা এখনও জানে কাকে শিক্ষকটা তিনি গ্রামের স্কুলটাতে [MASK] শেখাতে চান বলে অত্যন্ত সহজভাবে বলেছেন,"['Score: 0.6104, Token: 2062, Token_str: ##ই', 'Score: 0.0660, Token: 2058, Token_str: ##ও', 'Score: 0.0238, Token: 2071, Token_str: ##কে', 'Score: 0.0157, Token: 4986, Token_str: ভালোভাবে', 'Score: 0.0130, Token: 6585, Token_str: সঠিকভাবে']"
d,5,সাবরিনা এখনও জানে কখন শিক্ষকটা তিনি গ্রামের স্কুলটাতে [MASK] শেখাতে চান বলে অত্যন্ত সহজভাবে তাকে বলেছেন,সাবরিনা এখনও জানে কখন শিক্ষকটা তিনি গ্রামের স্কুলটাতে [MASK] শেখাতে চান বলে অত্যন্ত সহজভাবে তাকে বলেছেন,"['Score: 0.5748, Token: 2062, Token_str: ##ই', 'Score: 0.0706, Token: 2058, Token_str: ##ও', 'Score: 0.0406, Token: 2071, Token_str: ##কে', 'Score: 0.0109, Token: 6585, Token_str: সঠিকভাবে', 'Score: 0.0103, Token: 4986, Token_str: ভালোভাবে']"
a,6,এনাম সিদ্ধান্ত নিয়েছে কাকে উকিলটা অনেকটা সোজাসুজিভাবে [MASK] বলেছেন যে তিনি আঞ্চলিক আদালতটাতে রক্ষা করবেন,এনাম সিদ্ধান্ত নিয়েছে কাকে উকিলটা অনেকটা সোজাসুজিভাবে [MASK] বলেছেন যে তিনি আঞ্চলিক আদালতটাতে রক্ষা করবেন,"['Score: 0.0943, Token: 2049, Token_str: তিনি', 'Score: 0.0857, Token: 2062, Token_str: ##ই', 'Score: 0.0548, Token: 2084, Token_str: দিয়ে', 'Score: 0.0378, Token: 2039, Token_str: করে', 'Score: 0.0249, Token: 4905, Token_str: লিখে']"
b,6,এনাম সিদ্ধান্ত নিয়েছে কখন উকিলটা অনেকটা সোজাসুজিভাবে [MASK] বলেছেন যে তিনি আঞ্চলিক আদালতটাতে তাকে রক্ষা করবেন,এনাম সিদ্ধান্ত নিয়েছে কখন উকিলটা অনেকটা সোজাসুজিভাবে [MASK] বলেছেন যে তিনি আঞ্চলিক আদালতটাতে তাকে রক্ষা করবেন,"['Score: 0.1401, Token: 2062, Token_str: ##ই', 'Score: 0.0603, Token: 2049, Token_str: তিনি', 'Score: 0.0380, Token: 2084, Token_str: দিয়ে', 'Score: 0.0265, Token: 2120, Token_str: যা', 'Score: 0.0257, Token: 2045, Token_str: এই']"
c,6,এনাম সিদ্ধান্ত নিয়েছে কাকে উকিলটা তিনি আঞ্চলিক আদালতটাতে [MASK] রক্ষা করবেন বলে অনেকটা সোজাসুজি বলেছেন,এনাম সিদ্ধান্ত নিয়েছে কাকে উকিলটা তিনি আঞ্চলিক আদালতটাতে [MASK] রক্ষা করবেন বলে অনেকটা সোজাসুজি বলেছেন,"['Score: 0.6132, Token: 2062, Token_str: ##ই', 'Score: 0.0630, Token: 2058, Token_str: ##ও', 'Score: 0.0202, Token: 2444, Token_str: এসে', 'Score: 0.0161, Token: 2262, Token_str: গিয়ে', 'Score: 0.0137, Token: 100, Token_str: [UNK]']"
d,6,এনাম সিদ্ধান্ত নিয়েছে কখন উকিলটা তিনি আঞ্চলিক আদালতটাতে [MASK] রক্ষা করবেন বলে অনেকটা সোজাসুজি তাকে বলেছেন,এনাম সিদ্ধান্ত নিয়েছে কখন উকিলটা তিনি আঞ্চলিক আদালতটাতে [MASK] রক্ষা করবেন বলে অনেকটা সোজাসুজি তাকে বলেছেন,"['Score: 0.5140, Token: 2062, Token_str: ##ই', 'Score: 0.0737, Token: 2058, Token_str: ##ও', 'Score: 0.0574, Token: 2262, Token_str: গিয়ে', 'Score: 0.0337, Token: 2444, Token_str: এসে', 'Score: 0.0088, Token: 2071, Token_str: ##কে']"
a,7,সালমা জানতো না কাকে লেখকটা বেশ তাড়াতাড়ি [MASK] বলেছেন যে তিনি আন্তর্জাতিক সভাটাতে সাহায্য করবেন,সালমা জানতো না কাকে লেখকটা বেশ তাড়াতাড়ি [MASK] বলেছেন যে তিনি আন্তর্জাতিক সভাটাতে সাহায্য করবেন,"['Score: 0.1018, Token: 6231, Token_str: ##ডি', 'Score: 0.0521, Token: 2062, Token_str: ##ই', 'Score: 0.0289, Token: 1008, Token_str: )', 'Score: 0.0236, Token: 2058, Token_str: ##ও', 'Score: 0.0235, Token: 100, Token_str: [UNK]']"
b,7,সালমা জানতো না কখন লেখকটা বেশ তাড়াতাড়ি [MASK] বলেছেন যে তিনি আন্তর্জাতিক সভাটাতে তাকে সাহায্য করবেন,সালমা জানতো না কখন লেখকটা বেশ তাড়াতাড়ি [MASK] বলেছেন যে তিনি আন্তর্জাতিক সভাটাতে তাকে সাহায্য করবেন,"['Score: 0.0683, Token: 2062, Token_str: ##ই', 'Score: 0.0604, Token: 6231, Token_str: ##ডি', 'Score: 0.0336, Token: 2200, Token_str: ##তে', 'Score: 0.0283, Token: 2058, Token_str: ##ও', 'Score: 0.0251, Token: 2071, Token_str: ##কে']"
c,7,সালমা জানতো না কাকে লেখকটা তিনি আন্তর্জাতিক সভাটাতে [MASK] সাহায্য করবেন বলে বেশ তাড়াতাড়ি বলেছেন,সালমা জানতো না কাকে লেখকটা তিনি আন্তর্জাতিক সভাটাতে [MASK] সাহায্য করবেন বলে বেশ তাড়াতাড়ি বলেছেন,"['Score: 0.5811, Token: 2062, Token_str: ##ই', 'Score: 0.1381, Token: 2058, Token_str: ##ও', 'Score: 0.0190, Token: 2046, Token_str: ##র', 'Score: 0.0104, Token: 2095, Token_str: বেশি', 'Score: 0.0099, Token: 100, Token_str: [UNK]']"
d,7,সালমা জানতো না কখন লেখকটা তিনি আন্তর্জাতিক সভাটাতে [MASK] সাহায্য করবেন বলে বেশ তাড়াতাড়ি তাকে বলেছেন,সালমা জানতো না কখন লেখকটা তিনি আন্তর্জাতিক সভাটাতে [MASK] সাহায্য করবেন বলে বেশ তাড়াতাড়ি তাকে বলেছেন,"['Score: 0.4570, Token: 2062, Token_str: ##ই', 'Score: 0.1387, Token: 2058, Token_str: ##ও', 'Score: 0.0294, Token: 2046, Token_str: ##র', 'Score: 0.0127, Token: 2056, Token_str: তার', 'Score: 0.0102, Token: 2095, Token_str: বেশি']"
a,8,সেনিয়া আবিষ্কার করেছে কাকে দোকানিটা খুব অপ্রত্যাশিতভাবে [MASK] বলেছেন যে তিনি ফলের দোকানটাতে কাঠাল কিনে দিয়েছেন,সেনিয়া আবিষ্কার করেছে কাকে দোকানিটা খুব অপ্রত্যাশিতভাবে [MASK] বলেছেন যে তিনি ফলের দোকানটাতে কাঠাল কিনে দিয়েছেন,"['Score: 0.1394, Token: 100, Token_str: [UNK]', 'Score: 0.1338, Token: 2049, Token_str: তিনি', 'Score: 0.0523, Token: 2988, Token_str: আমাকে', 'Score: 0.0392, Token: 2085, Token_str: কথা', 'Score: 0.0316, Token: 2120, Token_str: যা']"
b,8,সেনিয়া আবিষ্কার করেছে কখন দোকানিটা খুব অপ্রত্যাশিতভাবে [MASK] বলেছেন যে তিনি ফলের দোকানটাতে তাকে কাঠাল কিনে দিয়েছেন,সেনিয়া আবিষ্কার করেছে কখন দোকানিটা খুব অপ্রত্যাশিতভাবে [MASK] বলেছেন যে তিনি ফলের দোকানটাতে তাকে কাঠাল কিনে দিয়েছেন,"['Score: 0.2065, Token: 2049, Token_str: তিনি', 'Score: 0.0569, Token: 2988, Token_str: আমাকে', 'Score: 0.0384, Token: 2085, Token_str: কথা', 'Score: 0.0364, Token: 2197, Token_str: এটা', 'Score: 0.0360, Token: 2271, Token_str: তাকে']"
c,8,সেনিয়া আবিষ্কার করেছে কাকে দোকানিটা তিনি ফলের দোকানটাতে [MASK] কাঠাল কিনে দিয়েছেন বলে খুব অপ্রত্যাশিতভাবে বলেছেন,সেনিয়া আবিষ্কার করেছে কাকে দোকানিটা তিনি ফলের দোকানটাতে [MASK] কাঠাল কিনে দিয়েছেন বলে খুব অপ্রত্যাশিতভাবে বলেছেন,"['Score: 0.1932, Token: 100, Token_str: [UNK]', 'Score: 0.0783, Token: 2069, Token_str: বা', 'Score: 0.0349, Token: 2062, Token_str: ##ই', 'Score: 0.0288, Token: 7245, Token_str: ফলের', 'Score: 0.0221, Token: 5027, Token_str: আম']"
d,8,সেনিয়া আবিষ্কার করেছে কখন দোকানিটা তিনি ফলের দোকানটাতে [MASK] কাঠাল কিনে দিয়েছেন বলে খুব অপ্রত্যাশিতভাবে তাকে বলেছেন,সেনিয়া আবিষ্কার করেছে কখন দোকানিটা তিনি ফলের দোকানটাতে [MASK] কাঠাল কিনে দিয়েছেন বলে খুব অপ্রত্যাশিতভাবে তাকে বলেছেন,"['Score: 0.1338, Token: 100, Token_str: [UNK]', 'Score: 0.0932, Token: 2069, Token_str: বা', 'Score: 0.0363, Token: 2062, Token_str: ##ই', 'Score: 0.0296, Token: 2066, Token_str: এক', 'Score: 0.0275, Token: 2051, Token_str: একটি']"
a,9,সুমী শিখেছে কাকে অনুবাদকটা কিছুটা বিষণ্ণভাবে [MASK] বলেছেন যে তিনি শহরের লাইব্রেরীটাতে কবিতা দেবেন না,সুমী শিখেছে কাকে অনুবাদকটা কিছুটা বিষণ্ণভাবে [MASK] বলেছেন যে তিনি শহরের লাইব্রেরীটাতে কবিতা দেবেন না,"['Score: 0.1500, Token: 100, Token_str: [UNK]', 'Score: 0.0851, Token: 2044, Token_str: না', 'Score: 0.0759, Token: 2049, Token_str: তিনি', 'Score: 0.0553, Token: 2039, Token_str: করে', 'Score: 0.0398, Token: 2362, Token_str: বলতে']"
b,9,সুমী শিখেছে কখন অনুবাদকটা কিছুটা বিষণ্ণভাবে [MASK] বলেছেন যে তিনি শহরের লাইব্রেরীটাতে তাকে কবিতা দেবেন না,সুমী শিখেছে কখন অনুবাদকটা কিছুটা বিষণ্ণভাবে [MASK] বলেছেন যে তিনি শহরের লাইব্রেরীটাতে তাকে কবিতা দেবেন না,"['Score: 0.1391, Token: 2049, Token_str: তিনি', 'Score: 0.0649, Token: 2044, Token_str: না', 'Score: 0.0613, Token: 2085, Token_str: কথা', 'Score: 0.0559, Token: 2271, Token_str: তাকে', 'Score: 0.0320, Token: 2039, Token_str: করে']"
c,9,সুমী শিখেছে কাকে অনুবাদকটা তিনি শহরের লাইব্রেরীটাতে [MASK] কবিতা দেবেন না বলে কিছুটা বিষণ্ণভাবে বলেছেন,সুমী শিখেছে কাকে অনুবাদকটা তিনি শহরের লাইব্রেরীটাতে [MASK] কবিতা দেবেন না বলে কিছুটা বিষণ্ণভাবে বলেছেন,"['Score: 0.1194, Token: 100, Token_str: [UNK]', 'Score: 0.0870, Token: 2062, Token_str: ##ই', 'Score: 0.0636, Token: 1561, Token_str: ’', 'Score: 0.0436, Token: 2058, Token_str: ##ও', 'Score: 0.0355, Token: 2046, Token_str: ##র']"
d,9,সুমী শিখেছে কখন অনুবাদকটাতিনি শহরের লাইব্রেরীটাতে [MASK] কবিতা দেবেন না বলে কিছুটা বিষণ্ণভাবে তাকে বলেছেন,সুমী শিখেছে কখন অনুবাদকটাতিনি শহরের লাইব্রেরীটাতে [MASK] কবিতা দেবেন না বলে কিছুটা বিষণ্ণভাবে তাকে বলেছেন,"['Score: 0.1953, Token: 2309, Token_str: কোন', 'Score: 0.0607, Token: 2062, Token_str: ##ই', 'Score: 0.0603, Token: 2056, Token_str: তার', 'Score: 0.0351, Token: 2058, Token_str: ##ও', 'Score: 0.0218, Token: 2271, Token_str: তাকে']"
a,10,আকাশ খবরের কাগজে পড়েছে কাকে প্রধানমন্ত্রী খানিকটা সাবধানে [MASK] বলেছেন যে তিনি একটা বিমানটাতে হত্যা করে দেবেন,আকাশ খবরের কাগজে পড়েছে কাকে প্রধানমন্ত্রী খানিকটা সাবধানে [MASK] বলেছেন যে তিনি একটা বিমানটাতে হত্যা করে দেবেন,"['Score: 0.1356, Token: 2049, Token_str: তিনি', 'Score: 0.0694, Token: 2039, Token_str: করে', 'Score: 0.0355, Token: 2085, Token_str: কথা', 'Score: 0.0293, Token: 2084, Token_str: দিয়ে', 'Score: 0.0282, Token: 2223, Token_str: যেতে']"
b,10,আকাশ খবরের কাগজে পড়েছে কখন প্রধানমন্ত্রী খানিকটা সাবধানে [MASK] বলেছেন যে তিনি একটা বিমানটাতে তাকে হত্যা করে দেবেন,আকাশ খবরের কাগজে পড়েছে কখন প্রধানমন্ত্রী খানিকটা সাবধানে [MASK] বলেছেন যে তিনি একটা বিমানটাতে তাকে হত্যা করে দেবেন,"['Score: 0.0750, Token: 2049, Token_str: তিনি', 'Score: 0.0650, Token: 2223, Token_str: যেতে', 'Score: 0.0452, Token: 2039, Token_str: করে', 'Score: 0.0402, Token: 2085, Token_str: কথা', 'Score: 0.0387, Token: 2271, Token_str: তাকে']"
c,10,আকাশ খবরের কাগজে পড়েছে কাকে প্রধানমন্ত্রী তিনি একটা বিমানটাতে [MASK] হত্যা করে দেবেন বলে খানিকটা সাবধানে বলেছেন,আকাশ খবরের কাগজে পড়েছে কাকে প্রধানমন্ত্রী তিনি একটা বিমানটাতে [MASK] হত্যা করে দেবেন বলে খানিকটা সাবধানে বলেছেন,"['Score: 0.3854, Token: 2062, Token_str: ##ই', 'Score: 0.1134, Token: 2223, Token_str: যেতে', 'Score: 0.0438, Token: 2201, Token_str: কী', 'Score: 0.0298, Token: 100, Token_str: [UNK]', 'Score: 0.0206, Token: 2691, Token_str: আসতে']"
d,10,আকাশ খবরের কাগজে পড়েছে কখন প্রধানমন্ত্রী তিনি একটা বিমানটাতে [MASK] হত্যা করে দেবেন বলে খানিকটা সাবধানে তাকে বলেছেন,আকাশ খবরের কাগজে পড়েছে কখন প্রধানমন্ত্রী তিনি একটা বিমানটাতে [MASK] হত্যা করে দেবেন বলে খানিকটা সাবধানে তাকে বলেছেন,"['Score: 0.2864, Token: 2062, Token_str: ##ই', 'Score: 0.1239, Token: 2223, Token_str: যেতে', 'Score: 0.0259, Token: 2691, Token_str: আসতে', 'Score: 0.0216, Token: 2058, Token_str: ##ও', 'Score: 0.0190, Token: 2201, Token_str: কী']"
a,11,সোমা শুনেছে কাকে পাচকটা অনেকটা গোপনে [MASK] বলেছেন যে তিনি বড় রেস্টুরেন্টটাতে নিমন্ত্রণ করবেন,সোমা শুনেছে কাকে পাচকটা অনেকটা গোপনে [MASK] বলেছেন যে তিনি বড় রেস্টুরেন্টটাতে নিমন্ত্রণ করবেন,"['Score: 0.3984, Token: 2049, Token_str: তিনি', 'Score: 0.1427, Token: 100, Token_str: [UNK]', 'Score: 0.0375, Token: 2144, Token_str: তাঁরা', 'Score: 0.0220, Token: 2039, Token_str: করে', 'Score: 0.0107, Token: 2430, Token_str: রেখে']"
b,11,সোমা শুনেছে কখন পাচকটা অনেকটা গোপনে [MASK] বলেছেন যে তিনি বড় রেস্টুরেন্টটাতে তাকে নিমন্ত্রণ করবেন,সোমা শুনেছে কখন পাচকটা অনেকটা গোপনে [MASK] বলেছেন যে তিনি বড় রেস্টুরেন্টটাতে তাকে নিমন্ত্রণ করবেন,"['Score: 0.4152, Token: 2049, Token_str: তিনি', 'Score: 0.0375, Token: 2444, Token_str: এসে', 'Score: 0.0345, Token: 100, Token_str: [UNK]', 'Score: 0.0266, Token: 2262, Token_str: গিয়ে', 'Score: 0.0208, Token: 2085, Token_str: কথা']"
c,11,সোমা শুনেছে কাকে পাচকটা তিনি বড় রেস্টুরেন্টটাতে [MASK] নিমন্ত্রণ করবেন বলে অনেকটা গোপনে বলেছেন,সোমা শুনেছে কাকে পাচকটা তিনি বড় রেস্টুরেন্টটাতে [MASK] নিমন্ত্রণ করবেন বলে অনেকটা গোপনে বলেছেন,"['Score: 0.5591, Token: 2062, Token_str: ##ই', 'Score: 0.0655, Token: 2058, Token_str: ##ও', 'Score: 0.0422, Token: 100, Token_str: [UNK]', 'Score: 0.0220, Token: 2504, Token_str: কীভাবে', 'Score: 0.0190, Token: 2046, Token_str: ##র']"
d,11,সোমা শুনেছে কখন পাচকটা তিনি বড় রেস্টুরেন্টটাতে [MASK] নিমন্ত্রণ করবেন বলে অনেকটা গোপনে তাকে বলেছেন,সোমা শুনেছে কখন পাচকটা তিনি বড় রেস্টুরেন্টটাতে [MASK] নিমন্ত্রণ করবেন বলে অনেকটা গোপনে তাকে বলেছেন,"['Score: 0.5337, Token: 2062, Token_str: ##ই', 'Score: 0.1028, Token: 2058, Token_str: ##ও', 'Score: 0.0291, Token: 2444, Token_str: এসে', 'Score: 0.0248, Token: 100, Token_str: [UNK]', 'Score: 0.0164, Token: 2046, Token_str: ##র']"
a,12,জামাল ঘোষণা করেছে কাকে গায়কটা বেশ শান্তভাবে [MASK] বলেছেন যে তিনি সুন্দর থিয়েটারটাতে বিয়ে করবে,জামাল ঘোষণা করেছে কাকে গায়কটা বেশ শান্তভাবে [MASK] বলেছেন যে তিনি সুন্দর থিয়েটারটাতে বিয়ে করবে,"['Score: 0.2858, Token: 100, Token_str: [UNK]', 'Score: 0.1080, Token: 2049, Token_str: তিনি', 'Score: 0.0568, Token: 1561, Token_str: ’', 'Score: 0.0283, Token: 2085, Token_str: কথা', 'Score: 0.0195, Token: 2082, Token_str: তা']"
b,12,জামাল ঘোষণা করেছে কখন গায়কটা বেশ শান্তভাবে [MASK] বলেছেন যে তিনি সুন্দর থিয়েটারটাতে তাকে বিয়ে করবে,জামাল ঘোষণা করেছে কখন গায়কটা বেশ শান্তভাবে [MASK] বলেছেন যে তিনি সুন্দর থিয়েটারটাতে তাকে বিয়ে করবে,"['Score: 0.1828, Token: 2049, Token_str: তিনি', 'Score: 0.0751, Token: 100, Token_str: [UNK]', 'Score: 0.0655, Token: 2085, Token_str: কথা', 'Score: 0.0502, Token: 2062, Token_str: ##ই', 'Score: 0.0399, Token: 2118, Token_str: সে']"
c,12,জামাল ঘোষণা করেছে কাকে গায়কটা  তিনি সুন্দর থিয়েটারটাতে [MASK] বিয়ে করবে বলে বেশ শান্তভাবে বলেছেন,জামাল ঘোষণা করেছে কাকে গায়কটা তিনি সুন্দর থিয়েটারটাতে [MASK] বিয়ে করবে বলে বেশ শান্তভাবে বলেছেন,"['Score: 0.2881, Token: 2062, Token_str: ##ই', 'Score: 0.0888, Token: 100, Token_str: [UNK]', 'Score: 0.0748, Token: 2395, Token_str: ##া', 'Score: 0.0527, Token: 2058, Token_str: ##ও', 'Score: 0.0217, Token: 2095, Token_str: বেশি']"
d,12,জামাল ঘোষণা করেছে কখন গায়কটা  তিনি সুন্দর থিয়েটারটাতে [MASK] বিয়ে করবে বলে বেশ শান্তভাবে তাকে বলেছেন,জামাল ঘোষণা করেছে কখন গায়কটা তিনি সুন্দর থিয়েটারটাতে [MASK] বিয়ে করবে বলে বেশ শান্তভাবে তাকে বলেছেন,"['Score: 0.2755, Token: 2062, Token_str: ##ই', 'Score: 0.0971, Token: 2058, Token_str: ##ও', 'Score: 0.0727, Token: 100, Token_str: [UNK]', 'Score: 0.0598, Token: 2395, Token_str: ##া', 'Score: 0.0211, Token: 2095, Token_str: বেশি']"
a,13,জয় অনুমান করেছে কাকে ধোপাটা কিছুটা রাগতভাবে [MASK] বলেছেন যে তিনি কাজের জন্য টাকা দেবেন না,জয় অনুমান করেছে কাকে ধোপাটা কিছুটা রাগতভাবে [MASK] বলেছেন যে তিনি কাজের জন্য টাকা দেবেন না,"['Score: 0.2863, Token: 2049, Token_str: তিনি', 'Score: 0.0805, Token: 100, Token_str: [UNK]', 'Score: 0.0390, Token: 2080, Token_str: বলে', 'Score: 0.0189, Token: 2044, Token_str: না', 'Score: 0.0184, Token: 2084, Token_str: দিয়ে']"
b,13,জয় অনুমান করেছে কখন ধোপাটা কিছুটা রাগতভাবে [MASK] বলেছেন যে তিনি কাজের জন্য তাকে টাকা দেবেন না,জয় অনুমান করেছে কখন ধোপাটা কিছুটা রাগতভাবে [MASK] বলেছেন যে তিনি কাজের জন্য তাকে টাকা দেবেন না,"['Score: 0.3386, Token: 2049, Token_str: তিনি', 'Score: 0.0236, Token: 2271, Token_str: তাকে', 'Score: 0.0181, Token: 2044, Token_str: না', 'Score: 0.0179, Token: 2080, Token_str: বলে', 'Score: 0.0178, Token: 2042, Token_str: এবং']"
c,13,জয় অনুমান করেছে কাকে ধোপাটা তিনি কাজের জন্য [MASK] টাকা দেবেন না বলে কিছুটা রাগতভাবে বলেছেন,জয় অনুমান করেছে কাকে ধোপাটা তিনি কাজের জন্য [MASK] টাকা দেবেন না বলে কিছুটা রাগতভাবে বলেছেন,"['Score: 0.1073, Token: 100, Token_str: [UNK]', 'Score: 0.0427, Token: 1014, Token_str: ।', 'Score: 0.0368, Token: 2069, Token_str: বা', 'Score: 0.0356, Token: 2071, Token_str: ##কে', 'Score: 0.0288, Token: 2070, Token_str: আর']"
d,13,জয় অনুমান করেছে কখন ধোপাটা তিনি কাজের জন্য [MASK] টাকা দেবেন না বলে কিছুটা রাগতভাবে তাকে বলেছেন,জয় অনুমান করেছে কখন ধোপাটা তিনি কাজের জন্য [MASK] টাকা দেবেন না বলে কিছুটা রাগতভাবে তাকে বলেছেন,"['Score: 0.0435, Token: 2069, Token_str: বা', 'Score: 0.0414, Token: 100, Token_str: [UNK]', 'Score: 0.0410, Token: 1014, Token_str: ।', 'Score: 0.0361, Token: 2191, Token_str: ছাড়া', 'Score: 0.0332, Token: 2071, Token_str: ##কে']"
a,14,সজল সিদ্ধান্ত নিয়েছে কখন জেনারেল খুব ভোরে [MASK] বলেছেন যে তিনি বিশাল যুদ্ধক্ষেত্রটাতে আক্রমণ করবেন,সজল সিদ্ধান্ত নিয়েছে কখন জেনারেল খুব ভোরে [MASK] বলেছেন যে তিনি বিশাল যুদ্ধক্ষেত্রটাতে আক্রমণ করবেন,"['Score: 0.0386, Token: 2049, Token_str: তিনি', 'Score: 0.0372, Token: 2062, Token_str: ##ই', 'Score: 0.0318, Token: 2988, Token_str: আমাকে', 'Score: 0.0304, Token: 3283, Token_str: ##ত', 'Score: 0.0218, Token: 2205, Token_str: তাঁকে']"
b,14,সজল সিদ্ধান্ত নিয়েছে কখন জেনারেল খুব ভোরে [MASK] বলেছেন যে তিনি বিশাল যুদ্ধক্ষেত্রটাতে তাকে আক্রমণ করবেন,সজল সিদ্ধান্ত নিয়েছে কখন জেনারেল খুব ভোরে [MASK] বলেছেন যে তিনি বিশাল যুদ্ধক্ষেত্রটাতে তাকে আক্রমণ করবেন,"['Score: 0.0438, Token: 2049, Token_str: তিনি', 'Score: 0.0385, Token: 2062, Token_str: ##ই', 'Score: 0.0345, Token: 2271, Token_str: তাকে', 'Score: 0.0304, Token: 2988, Token_str: আমাকে', 'Score: 0.0242, Token: 3283, Token_str: ##ত']"
c,14,সজল সিদ্ধান্ত নিয়েছে কাকে জেনারেল তিনি বিশাল যুদ্ধক্ষেত্রটাতে [MASK] আক্ৰমণ করবেন বলে খুব ভোরে বলেছেন,সজল সিদ্ধান্ত নিয়েছে কাকে জেনারেল তিনি বিশাল যুদ্ধক্ষেত্রটাতে [MASK] আক্ৰমণ করবেন বলে খুব ভোরে বলেছেন,"['Score: 0.4992, Token: 2062, Token_str: ##ই', 'Score: 0.0845, Token: 100, Token_str: [UNK]', 'Score: 0.0358, Token: 2058, Token_str: ##ও', 'Score: 0.0213, Token: 2046, Token_str: ##র', 'Score: 0.0138, Token: 2071, Token_str: ##কে']"
d,14,সজল সিদ্ধান্ত নিয়েছে কখন জেনারেল তিনি বিশাল যুদ্ধক্ষেত্রটাতে [MASK] আক্রমণ করবেন বলে খুব ভোরে তাকে বলেছেন,সজল সিদ্ধান্ত নিয়েছে কখন জেনারেল তিনি বিশাল যুদ্ধক্ষেত্রটাতে [MASK] আক্রমণ করবেন বলে খুব ভোরে তাকে বলেছেন,"['Score: 0.1893, Token: 2062, Token_str: ##ই', 'Score: 0.0267, Token: 2046, Token_str: ##র', 'Score: 0.0208, Token: 2058, Token_str: ##ও', 'Score: 0.0135, Token: 2071, Token_str: ##কে', 'Score: 0.0123, Token: 2271, Token_str: তাকে']"
a,15,মিতা জানতে চাচ্ছিলো কাকে দর্জিটা প্রায় উত্তেজিতভাবে [MASK] বলেছেন যে তিনি গ্রামের বাজারে দেখতে পারবেন,মিতা জানতে চাচ্ছিলো কাকে দর্জিটা প্রায় উত্তেজিতভাবে [MASK] বলেছেন যে তিনি গ্রামের বাজারে দেখতে পারবেন,"['Score: 0.2222, Token: 2049, Token_str: তিনি', 'Score: 0.0381, Token: 2362, Token_str: বলতে', 'Score: 0.0214, Token: 2065, Token_str: নিয়ে', 'Score: 0.0161, Token: 4498, Token_str: জানাতে', 'Score: 0.0142, Token: 10750, Token_str: হেসে']"
b,15,মিতা জানতে চাচ্ছিলো কোথায় দর্জিটা প্রায় উত্তেজিতভাবে [MASK] বলেছেন যে তিনি গ্রামের বাজারে তাকে দেখতে পারবেন,মিতা জানতে চাচ্ছিলো কোথায় দর্জিটা প্রায় উত্তেজিতভাবে [MASK] বলেছেন যে তিনি গ্রামের বাজারে তাকে দেখতে পারবেন,"['Score: 0.2391, Token: 2271, Token_str: তাকে', 'Score: 0.1564, Token: 2049, Token_str: তিনি', 'Score: 0.0191, Token: 2988, Token_str: আমাকে', 'Score: 0.0136, Token: 2131, Token_str: তারা', 'Score: 0.0133, Token: 2907, Token_str: প্রথমে']"
c,15,মিতা জানতে চাচ্ছিলো কাকে দর্জিটা তিনি গ্রামের বাজারে [MASK] দেখতে পারবেন বলে প্রায় উত্তেজিতভাবে বলেছেন,মিতা জানতে চাচ্ছিলো কাকে দর্জিটা তিনি গ্রামের বাজারে [MASK] দেখতে পারবেন বলে প্রায় উত্তেজিতভাবে বলেছেন,"['Score: 0.1093, Token: 100, Token_str: [UNK]', 'Score: 0.0845, Token: 2444, Token_str: এসে', 'Score: 0.0608, Token: 2062, Token_str: ##ই', 'Score: 0.0521, Token: 2058, Token_str: ##ও', 'Score: 0.0466, Token: 2543, Token_str: দেখতে']"
d,15,মিতা জানতে চাচ্ছিলো কোথায় দর্জিটা তিনি গ্রামের বাজারে [MASK] দেখতে পারবেন বলে প্রায় উত্তেজিতভাবে তাকে বলেছেন,মিতা জানতে চাচ্ছিলো কোথায় দর্জিটা তিনি গ্রামের বাজারে [MASK] দেখতে পারবেন বলে প্রায় উত্তেজিতভাবে তাকে বলেছেন,"['Score: 0.1456, Token: 2444, Token_str: এসে', 'Score: 0.0780, Token: 2262, Token_str: গিয়ে', 'Score: 0.0565, Token: 2058, Token_str: ##ও', 'Score: 0.0357, Token: 2062, Token_str: ##ই', 'Score: 0.0349, Token: 2641, Token_str: গেলে']"
a,16,নয়ন আবিষ্কার করেছে কাকে পাণ্ডিতটা খুব সহজভাবে [MASK] বলেছেন যে তিনি প্রাচীন মন্দিরটাতে নমস্কার করেছেন,নয়ন আবিষ্কার করেছে কাকে পাণ্ডিতটা খুব সহজভাবে [MASK] বলেছেন যে তিনি প্রাচীন মন্দিরটাতে নমস্কার করেছেন,"['Score: 0.1495, Token: 2049, Token_str: তিনি', 'Score: 0.0392, Token: 2065, Token_str: নিয়ে', 'Score: 0.0388, Token: 2084, Token_str: দিয়ে', 'Score: 0.0344, Token: 2062, Token_str: ##ই', 'Score: 0.0213, Token: 2039, Token_str: করে']"
b,16,নয়ন আবিষ্কার করেছে কোথায় পাণ্ডিতটা খুব সহজভাবে [MASK] বলেছেন যে তিনি প্রাচীন মন্দিরটাতে তাকে নমস্কার করেছেন,নয়ন আবিষ্কার করেছে কোথায় পাণ্ডিতটা খুব সহজভাবে [MASK] বলেছেন যে তিনি প্রাচীন মন্দিরটাতে তাকে নমস্কার করেছেন,"['Score: 0.1284, Token: 2049, Token_str: তিনি', 'Score: 0.0514, Token: 2062, Token_str: ##ই', 'Score: 0.0275, Token: 2042, Token_str: এবং', 'Score: 0.0244, Token: 2120, Token_str: যা', 'Score: 0.0189, Token: 1011, Token_str: ,']"
c,16,নয়ন আবিষ্কার করেছে কাকে পাণ্ডিতটা তিনি প্রাচীন মন্দিরটাতে [MASK] নমস্কার করেছেন বলে খুব সহজভাবে বলেছেন,নয়ন আবিষ্কার করেছে কাকে পাণ্ডিতটা তিনি প্রাচীন মন্দিরটাতে [MASK] নমস্কার করেছেন বলে খুব সহজভাবে বলেছেন,"['Score: 0.2606, Token: 2062, Token_str: ##ই', 'Score: 0.0276, Token: 2395, Token_str: ##া', 'Score: 0.0269, Token: 2071, Token_str: ##কে', 'Score: 0.0267, Token: 2058, Token_str: ##ও', 'Score: 0.0250, Token: 2285, Token_str: কে']"
d,16,নয়ন আবিষ্কার করেছে কোথায় পাণ্ডিতটা তিনি প্রাচীন মন্দিরটাতে [MASK] নমস্কার করেছেন বলে খুব সহজভাবে তাকে বলেছেন,নয়ন আবিষ্কার করেছে কোথায় পাণ্ডিতটা তিনি প্রাচীন মন্দিরটাতে [MASK] নমস্কার করেছেন বলে খুব সহজভাবে তাকে বলেছেন,"['Score: 0.1742, Token: 2062, Token_str: ##ই', 'Score: 0.0809, Token: 2058, Token_str: ##ও', 'Score: 0.0312, Token: 2049, Token_str: তিনি', 'Score: 0.0215, Token: 2046, Token_str: ##র', 'Score: 0.0199, Token: 2071, Token_str: ##কে']"
a,17,আলম শিখেছে কাকে অধ্যাপকটা খুব কৌতূহলীভাবে [MASK] বলেছেন যে তিনি বই মেলাটা থেকে বই কিনে দেবে,আলম শিখেছে কাকে অধ্যাপকটা খুব কৌতূহলীভাবে [MASK] বলেছেন যে তিনি বই মেলাটা থেকে বই কিনে দেবে,"['Score: 0.2037, Token: 2049, Token_str: তিনি', 'Score: 0.1566, Token: 100, Token_str: [UNK]', 'Score: 0.0488, Token: 2507, Token_str: আলম', 'Score: 0.0222, Token: 2137, Token_str: আগে', 'Score: 0.0183, Token: 2988, Token_str: আমাকে']"
b,17,আলম শিখেছে কোথায় অধ্যাপকটা খুব কৌতূহলীভাবে [MASK] বলেছেন যে তিনি বই মেলাটা থেকে তাকে বই কিনে দেবে,আলম শিখেছে কোথায় অধ্যাপকটা খুব কৌতূহলীভাবে [MASK] বলেছেন যে তিনি বই মেলাটা থেকে তাকে বই কিনে দেবে,"['Score: 0.1809, Token: 2049, Token_str: তিনি', 'Score: 0.1344, Token: 100, Token_str: [UNK]', 'Score: 0.0439, Token: 2507, Token_str: আলম', 'Score: 0.0405, Token: 2988, Token_str: আমাকে', 'Score: 0.0298, Token: 2205, Token_str: তাঁকে']"
c,17,আলম শিখেছে কাকে অধ্যাপকটা তিনি বই মেলাটা থেকে [MASK] বই কিনে দেবে বলে খুব কৌতূহলীভাবে বলেছেন,আলম শিখেছে কাকে অধ্যাপকটা তিনি বই মেলাটা থেকে [MASK] বই কিনে দেবে বলে খুব কৌতূহলীভাবে বলেছেন,"['Score: 0.1617, Token: 100, Token_str: [UNK]', 'Score: 0.0858, Token: 2067, Token_str: তাঁর', 'Score: 0.0543, Token: 2051, Token_str: একটি', 'Score: 0.0432, Token: 2157, Token_str: একটা', 'Score: 0.0337, Token: 2284, Token_str: নিজের']"
d,17,আলম শিখেছে কোথায় অধ্যাপকটা তিনি বই মেলাটা থেকে [MASk] বই কিনে দেবে বলে খুব কৌতূহলীভাবে তাকে বলেছেন,আলম শিখেছে কোথায় অধ্যাপকটা তিনি বই মেলাটা থেকে [MASk] বই কিনে দেবে বলে খুব কৌতূহলীভাবে তাকে বলেছেন,['ERROR: No mask_token ([MASK]) found on the input']
a,18,রোকন জানতো না কাকে গোয়েন্দাটা খুব রহস্যজনকভাবে [MASK] বলেছেন যে তিনি খুব রাতে অনুসন্ধান করবেন,রোকন জানতো না কাকে গোয়েন্দাটা খুব রহস্যজনকভাবে [MASK] বলেছেন যে তিনি খুব রাতে অনুসন্ধান করবেন,"['Score: 0.1807, Token: 2049, Token_str: তিনি', 'Score: 0.0471, Token: 100, Token_str: [UNK]', 'Score: 0.0445, Token: 2039, Token_str: করে', 'Score: 0.0445, Token: 2988, Token_str: আমাকে', 'Score: 0.0194, Token: 2118, Token_str: সে']"
b,18,রোকন জানতো না কোথায় গোয়েন্দাটা খুব রহস্যজনকভাবে [MASK] বলেছেন যে তিনি খুব রাতে তাকে অনুসন্ধান করবেন,রোকন জানতো না কোথায় গোয়েন্দাটা খুব রহস্যজনকভাবে [MASK] বলেছেন যে তিনি খুব রাতে তাকে অনুসন্ধান করবেন,"['Score: 0.2011, Token: 2049, Token_str: তিনি', 'Score: 0.0495, Token: 2271, Token_str: তাকে', 'Score: 0.0391, Token: 2988, Token_str: আমাকে', 'Score: 0.0260, Token: 2039, Token_str: করে', 'Score: 0.0233, Token: 2118, Token_str: সে']"
c,18,রোকন জানতো না কাকে গোয়েন্দাটা তিনি খুব রাতে [MASK] অনুসন্ধান করবেন বলে খুব রহস্যজনকভাবে বলেছেন,রোকন জানতো না কাকে গোয়েন্দাটা তিনি খুব রাতে [MASK] অনুসন্ধান করবেন বলে খুব রহস্যজনকভাবে বলেছেন,"['Score: 0.0777, Token: 100, Token_str: [UNK]', 'Score: 0.0655, Token: 2067, Token_str: তাঁর', 'Score: 0.0383, Token: 2205, Token_str: তাঁকে', 'Score: 0.0222, Token: 5217, Token_str: আল্লাহর', 'Score: 0.0152, Token: 2062, Token_str: ##ই']"
d,18,রোকন জানতো না কোথায় গোয়েন্দাটা তিনি খুব রাতে [MASK] অনুসন্ধান করবেন বলে খুব রহস্যজনকভাবে তাকে বলেছেন,রোকন জানতো না কোথায় গোয়েন্দাটা তিনি খুব রাতে [MASK] অনুসন্ধান করবেন বলে খুব রহস্যজনকভাবে তাকে বলেছেন,"['Score: 0.0699, Token: 2056, Token_str: তার', 'Score: 0.0538, Token: 2067, Token_str: তাঁর', 'Score: 0.0410, Token: 100, Token_str: [UNK]', 'Score: 0.0271, Token: 5217, Token_str: আল্লাহর', 'Score: 0.0200, Token: 2271, Token_str: তাকে']"
a,19,শীলা জিজ্ঞাসা করেছে কাকে বিমানচালকটা বেশ হঠাৎ [MASK] বলেছেন যে তিনি একদম আন্তরিকভাবে আদর করেন,শীলা জিজ্ঞাসা করেছে কাকে বিমানচালকটা বেশ হঠাৎ [MASK] বলেছেন যে তিনি একদম আন্তরিকভাবে আদর করেন,"['Score: 0.6599, Token: 2915, Token_str: করেই', 'Score: 0.3039, Token: 2039, Token_str: করে', 'Score: 0.0030, Token: 2049, Token_str: তিনি', 'Score: 0.0021, Token: 2198, Token_str: ধরে', 'Score: 0.0016, Token: 2062, Token_str: ##ই']"
b,19, শীলা জিজ্ঞাসা করেছে কোথায় বিমানচালকটা বেশ হঠাৎ [MASK] বলেছেন যে তিনি একদম আন্তরিকভাবে তাকে আদর করেন, শীলা জিজ্ঞাসা করেছে কোথায় বিমানচালকটা বেশ হঠাৎ [MASK] বলেছেন যে তিনি একদম আন্তরিকভাবে তাকে আদর করেন,"['Score: 0.4949, Token: 2039, Token_str: করে', 'Score: 0.4601, Token: 2915, Token_str: করেই', 'Score: 0.0042, Token: 2049, Token_str: তিনি', 'Score: 0.0027, Token: 3633, Token_str: ভাবে', 'Score: 0.0018, Token: 2062, Token_str: ##ই']"
c,19,শীলা জিজ্ঞাসা করেছে কাকে বিমানচালকটা তিনি একদম আন্তরিকভাবে [MASK] আদর করেন বলে বেশ হঠাৎ বলেছেন,শীলা জিজ্ঞাসা করেছে কাকে বিমানচালকটা তিনি একদম আন্তরিকভাবে [MASK] আদর করেন বলে বেশ হঠাৎ বলেছেন,"['Score: 0.2336, Token: 2210, Token_str: খুব', 'Score: 0.0892, Token: 2062, Token_str: ##ই', 'Score: 0.0878, Token: 100, Token_str: [UNK]', 'Score: 0.0423, Token: 2095, Token_str: বেশি', 'Score: 0.0333, Token: 2589, Token_str: একটু']"
d,19,শীলা জিজ্ঞাসা করেছে কোথায় বিমানচালকটা তিনি একদম আন্তরিকভাবে [MASK] আদর করেন বলে বেশ হঠাৎ তাকে বলেছেন,শীলা জিজ্ঞাসা করেছে কোথায় বিমানচালকটা তিনি একদম আন্তরিকভাবে [MASK] আদর করেন বলে বেশ হঠাৎ তাকে বলেছেন,"['Score: 0.2562, Token: 2210, Token_str: খুব', 'Score: 0.0522, Token: 2271, Token_str: তাকে', 'Score: 0.0384, Token: 2062, Token_str: ##ই', 'Score: 0.0245, Token: 2056, Token_str: তার', 'Score: 0.0236, Token: 2095, Token_str: বেশি']"
a,20,মণীষা ইনটারনেটে পড়েছে কাকে ভ্রমণকারীটা খুবই অপ্রত্যাশিতভাবে [MASK] বলেছেন যে তিনি কলকাতার বিমানবন্দরটাতে ডাকাতি করেছেন,মণীষা ইনটারনেটে পড়েছে কাকে ভ্রমণকারীটা খুবই অপ্রত্যাশিতভাবে [MASK] বলেছেন যে তিনি কলকাতার বিমানবন্দরটাতে ডাকাতি করেছেন,"['Score: 0.2006, Token: 2049, Token_str: তিনি', 'Score: 0.0712, Token: 2039, Token_str: করে', 'Score: 0.0443, Token: 2045, Token_str: এই', 'Score: 0.0333, Token: 100, Token_str: [UNK]', 'Score: 0.0234, Token: 2988, Token_str: আমাকে']"
b,20,মণীষা ইনটারনেটে পড়েছে কোথায় ভ্রমণকারীটা খুবই অপ্রত্যাশিতভাবে [MASK] বলেছেন যে তিনি কলকাতার বিমানবন্দরটাতে তাকে ডাকাতি করেছেন,মণীষা ইনটারনেটে পড়েছে কোথায় ভ্রমণকারীটা খুবই অপ্রত্যাশিতভাবে [MASK] বলেছেন যে তিনি কলকাতার বিমানবন্দরটাতে তাকে ডাকাতি করেছেন,"['Score: 0.3068, Token: 2049, Token_str: তিনি', 'Score: 0.0558, Token: 2045, Token_str: এই', 'Score: 0.0387, Token: 2988, Token_str: আমাকে', 'Score: 0.0228, Token: 2271, Token_str: তাকে', 'Score: 0.0223, Token: 2039, Token_str: করে']"
c,20,মণীষা ইনটারনেটে পড়েছে কাকে ভ্রমণকারীটা তিনি কলকাতার বিমানবন্দরটাতে [MASK] ডাকাতি করেছেন বলে খুবই অপ্রত্যাশিতভাবে বলেছেন,মণীষা ইনটারনেটে পড়েছে কাকে ভ্রমণকারীটা তিনি কলকাতার বিমানবন্দরটাতে [MASK] ডাকাতি করেছেন বলে খুবই অপ্রত্যাশিতভাবে বলেছেন,"['Score: 0.4903, Token: 2062, Token_str: ##ই', 'Score: 0.0409, Token: 2504, Token_str: কীভাবে', 'Score: 0.0287, Token: 100, Token_str: [UNK]', 'Score: 0.0248, Token: 2058, Token_str: ##ও', 'Score: 0.0183, Token: 2657, Token_str: কত']"
d,20,মণীষা ইনটারনেটে পড়েছে কোথায় ভ্রমণকারীটা তিনি কলকাতার বিমানবন্দরটাতে [MASK] ডাকাতি করেছেন বলে খুবই অপ্রত্যাশিতভাবে তাকে বলেছেন,মণীষা ইনটারনেটে পড়েছে কোথায় ভ্রমণকারীটা তিনি কলকাতার বিমানবন্দরটাতে [MASK] ডাকাতি করেছেন বলে খুবই অপ্রত্যাশিতভাবে তাকে বলেছেন,"['Score: 0.4842, Token: 2062, Token_str: ##ই', 'Score: 0.0865, Token: 2058, Token_str: ##ও', 'Score: 0.0442, Token: 2262, Token_str: গিয়ে', 'Score: 0.0330, Token: 2444, Token_str: এসে', 'Score: 0.0086, Token: 2049, Token_str: তিনি']"
a,21,সায়েম রেডিওতে শুনেছে কাকে উকিলটা অনেক জোরালোভাবে [MASK] বলেছেন যে তিনি গুরুত্বপুর্ণ নির্বাচনে সমর্থন করবেন,সায়েম রেডিওতে শুনেছে কাকে উকিলটা অনেক জোরালোভাবে [MASK] বলেছেন যে তিনি গুরুত্বপুর্ণ নির্বাচনে সমর্থন করবেন,"['Score: 0.5036, Token: 2049, Token_str: তিনি', 'Score: 0.0309, Token: 100, Token_str: [UNK]', 'Score: 0.0308, Token: 2144, Token_str: তাঁরা', 'Score: 0.0226, Token: 2536, Token_str: আপনি', 'Score: 0.0125, Token: 2979, Token_str: অনেকেই']"
b,21,সায়েম রেডিওতে শুনেছে কোথায় উকিলটা অনেক জোরালোভাবে [MASK] বলেছেন যে তিনি গুরুত্বপুর্ণ নির্বাচনে তাকে সমর্থন করবেন,সায়েম রেডিওতে শুনেছে কোথায় উকিলটা অনেক জোরালোভাবে [MASK] বলেছেন যে তিনি গুরুত্বপুর্ণ নির্বাচনে তাকে সমর্থন করবেন,"['Score: 0.4517, Token: 2049, Token_str: তিনি', 'Score: 0.0269, Token: 2988, Token_str: আমাকে', 'Score: 0.0195, Token: 2045, Token_str: এই', 'Score: 0.0154, Token: 2271, Token_str: তাকে', 'Score: 0.0153, Token: 12810, Token_str: স্পষ্টভাবে']"
c,21,সায়েম রেডিওতে শুনেছে কাকে উকিলটাতিনি গুরুত্বপুর্ণ নির্বাচনে [MASK] সমর্থন করবেন বলে অনেক জোরালোভাবে বলেছেন,সায়েম রেডিওতে শুনেছে কাকে উকিলটাতিনি গুরুত্বপুর্ণ নির্বাচনে [MASK] সমর্থন করবেন বলে অনেক জোরালোভাবে বলেছেন,"['Score: 0.0713, Token: 100, Token_str: [UNK]', 'Score: 0.0331, Token: 1011, Token_str: ,', 'Score: 0.0311, Token: 2395, Token_str: ##া', 'Score: 0.0149, Token: 2062, Token_str: ##ই', 'Score: 0.0148, Token: 1561, Token_str: ’']"
d,21,সায়েম রেডিওতে শুনেছে কোথায় উকিলটাতিনি গুরুত্বপুর্ণ নির্বাচনে [MASK] সমর্থন করবেন বলে অনেক জোরালোভাবে তাকে বলেছেন,সায়েম রেডিওতে শুনেছে কোথায় উকিলটাতিনি গুরুত্বপুর্ণ নির্বাচনে [MASK] সমর্থন করবেন বলে অনেক জোরালোভাবে তাকে বলেছেন,"['Score: 0.0258, Token: 2038, Token_str: ও', 'Score: 0.0248, Token: 2058, Token_str: ##ও', 'Score: 0.0222, Token: 2444, Token_str: এসে', 'Score: 0.0217, Token: 2262, Token_str: গিয়ে', 'Score: 0.0194, Token: 2062, Token_str: ##ই']"
a,22,নাজিয়া ঘোষণা করেছে কাকে চাষিটা প্রায় নিশ্চিতভাবে [MASK] বলেছেন যে তিনি আগামী সপ্তাহে তাকে হাতিয়ার দেবেন,নাজিয়া ঘোষণা করেছে কাকে চাষিটা প্রায় নিশ্চিতভাবে [MASK] বলেছেন যে তিনি আগামী সপ্তাহে তাকে হাতিয়ার দেবেন,"['Score: 0.4684, Token: 2049, Token_str: তিনি', 'Score: 0.0587, Token: 2084, Token_str: দিয়ে', 'Score: 0.0207, Token: 100, Token_str: [UNK]', 'Score: 0.0180, Token: 2039, Token_str: করে', 'Score: 0.0097, Token: 2065, Token_str: নিয়ে']"
b,22,নাজিয়া ঘোষণা করেছে কোথায় চাষিটা প্রায় নিশ্চিতভাবে [MASK] বলেছেন যে তিনি আগামী সপ্তাহে তাকে হাতিয়ার দেবেন,নাজিয়া ঘোষণা করেছে কোথায় চাষিটা প্রায় নিশ্চিতভাবে [MASK] বলেছেন যে তিনি আগামী সপ্তাহে তাকে হাতিয়ার দেবেন,"['Score: 0.3656, Token: 2049, Token_str: তিনি', 'Score: 0.0295, Token: 2271, Token_str: তাকে', 'Score: 0.0252, Token: 2045, Token_str: এই', 'Score: 0.0251, Token: 2988, Token_str: আমাকে', 'Score: 0.0190, Token: 2120, Token_str: যা']"
c,22,নাজিয়া ঘোষণা করেছে কাকে চাষিটা তিনি আগামী সপ্তাহে [MASK] হাতিয়ার দেবেন বলে প্রায় নিশ্চিতভাবে তাকে বলেছেন,নাজিয়া ঘোষণা করেছে কাকে চাষিটা তিনি আগামী সপ্তাহে [MASK] হাতিয়ার দেবেন বলে প্রায় নিশ্চিতভাবে তাকে বলেছেন,"['Score: 0.0457, Token: 100, Token_str: [UNK]', 'Score: 0.0381, Token: 2510, Token_str: আগামী', 'Score: 0.0325, Token: 2069, Token_str: বা', 'Score: 0.0318, Token: 2056, Token_str: তার', 'Score: 0.0293, Token: 2284, Token_str: নিজের']"
d,22,নাজিয়া ঘোষণা করেছে কোথায় চাষিটা তিনি আগামী সপ্তাহে [MASK] হাতিয়ার দেবেন বলে প্রায় নিশ্চিতভাবে তাকে বলেছেন,নাজিয়া ঘোষণা করেছে কোথায় চাষিটা তিনি আগামী সপ্তাহে [MASK] হাতিয়ার দেবেন বলে প্রায় নিশ্চিতভাবে তাকে বলেছেন,"['Score: 0.0487, Token: 100, Token_str: [UNK]', 'Score: 0.0319, Token: 2069, Token_str: বা', 'Score: 0.0268, Token: 2066, Token_str: এক', 'Score: 0.0249, Token: 2056, Token_str: তার', 'Score: 0.0229, Token: 2284, Token_str: নিজের']"
a,23,রূপা এখনও জানে কাকে ভাস্করটা বেশ উত্তেজিতভাবে [MASK] বলেছেন যে তিনি শিল্প যাদুঘরটাতে প্রসংসা করেছেন,রূপা এখনও জানে কাকে ভাস্করটা বেশ উত্তেজিতভাবে [MASK] বলেছেন যে তিনি শিল্প যাদুঘরটাতে প্রসংসা করেছেন,"['Score: 0.1091, Token: 2049, Token_str: তিনি', 'Score: 0.0831, Token: 2039, Token_str: করে', 'Score: 0.0429, Token: 2065, Token_str: নিয়ে', 'Score: 0.0290, Token: 2120, Token_str: যা', 'Score: 0.0234, Token: 2084, Token_str: দিয়ে']"
b,23,রূপা এখনও জানে কোথায় ভাস্করটা বেশ উত্তেজিতভাবে [MASK] বলেছেন যে তিনি শিল্প যাদুঘরটাতে তাকে প্রসংসা করেছেন,রূপা এখনও জানে কোথায় ভাস্করটা বেশ উত্তেজিতভাবে [MASK] বলেছেন যে তিনি শিল্প যাদুঘরটাতে তাকে প্রসংসা করেছেন,"['Score: 0.0761, Token: 2049, Token_str: তিনি', 'Score: 0.0650, Token: 2120, Token_str: যা', 'Score: 0.0563, Token: 2197, Token_str: এটা', 'Score: 0.0401, Token: 2045, Token_str: এই', 'Score: 0.0331, Token: 2062, Token_str: ##ই']"
c,23,রূপা এখনও জানে কাকে ভাস্করটা তিনি শিল্প যাদুঘরটাতে [Mask] প্রসংসা করেছেন বলে বেশ উত্তেজিতভাবে বলেছেন,রূপা এখনও জানে কাকে ভাস্করটা তিনি শিল্প যাদুঘরটাতে [Mask] প্রসংসা করেছেন বলে বেশ উত্তেজিতভাবে বলেছেন,['ERROR: No mask_token ([MASK]) found on the input']
d,23,রূপা এখনও জানে কোথায় ভাস্করটা তিনি শিল্প যাদুঘরটাতে [MASK] প্রসংসা করেছেন বলে বেশ উত্তেজিতভাবে তাকে বলেছেন,রূপা এখনও জানে কোথায় ভাস্করটা তিনি শিল্প যাদুঘরটাতে [MASK] প্রসংসা করেছেন বলে বেশ উত্তেজিতভাবে তাকে বলেছেন,"['Score: 0.2093, Token: 2062, Token_str: ##ই', 'Score: 0.0785, Token: 2046, Token_str: ##র', 'Score: 0.0533, Token: 2262, Token_str: গিয়ে', 'Score: 0.0388, Token: 2444, Token_str: এসে', 'Score: 0.0351, Token: 2058, Token_str: ##ও']"
a,24,ললিতা অনুমান করেছে কাকে ভাড়াটেটা বেশ দুঃখিতভাবে [MASK] বলেছেন যে তিনি এই বছরে ভাড়া দেবেন না,ললিতা অনুমান করেছে কাকে ভাড়াটেটা বেশ দুঃখিতভাবে [MASK] বলেছেন যে তিনি এই বছরে ভাড়া দেবেন না,"['Score: 0.1541, Token: 2049, Token_str: তিনি', 'Score: 0.0504, Token: 2131, Token_str: তারা', 'Score: 0.0488, Token: 2062, Token_str: ##ই', 'Score: 0.0325, Token: 2084, Token_str: দিয়ে', 'Score: 0.0290, Token: 2039, Token_str: করে']"
b,24,ললিতা অনুমান করেছে কোথায় ভাড়াটেটা বেশ দুঃখিতভাবে [MASK] বলেছেন যে তিনি এই বছরে তাঁকে ভাড়া দেবেন না,ললিতা অনুমান করেছে কোথায় ভাড়াটেটা বেশ দুঃখিতভাবে [MASK] বলেছেন যে তিনি এই বছরে তাঁকে ভাড়া দেবেন না,"['Score: 0.2391, Token: 2049, Token_str: তিনি', 'Score: 0.0446, Token: 2197, Token_str: এটা', 'Score: 0.0445, Token: 2131, Token_str: তারা', 'Score: 0.0387, Token: 2062, Token_str: ##ই', 'Score: 0.0368, Token: 1011, Token_str: ,']"
c,24,ললিতা অনুমান করেছে কাকে ভাড়াটেটা তিনি এই বছরে [MASK] ভাড়া দেবেন না বলে বেশ দুঃখিতভাবে বলেছেন,ললিতা অনুমান করেছে কাকে ভাড়াটেটা তিনি এই বছরে [MASK] ভাড়া দেবেন না বলে বেশ দুঃখিতভাবে বলেছেন,"['Score: 0.9594, Token: 4307, Token_str: কাকে', 'Score: 0.0047, Token: 3748, Token_str: কাউকে', 'Score: 0.0041, Token: 2309, Token_str: কোন', 'Score: 0.0021, Token: 2285, Token_str: কে', 'Score: 0.0017, Token: 2271, Token_str: তাকে']"
d,24,ললিতা অনুমান করেছে কোথায় ভাড়াটেটা তিনি এই বছরে [MASK] ভাড়া দেবেন না বলে বেশ দুঃখিতভাবে তাঁকে বলেছেন,ললিতা অনুমান করেছে কোথায় ভাড়াটেটা তিনি এই বছরে [MASK] ভাড়া দেবেন না বলে বেশ দুঃখিতভাবে তাঁকে বলেছেন,"['Score: 0.1246, Token: 2309, Token_str: কোন', 'Score: 0.1021, Token: 4932, Token_str: কোনও', 'Score: 0.0480, Token: 2271, Token_str: তাকে', 'Score: 0.0331, Token: 2056, Token_str: তার', 'Score: 0.0309, Token: 2070, Token_str: আর']"
a,25,ইভা আবিষ্কার করেছে কাকে চিত্রনির্মাতাটি বেশ গোপনভাবে [MASK] বলছেন যে তিনি তাঁর স্টুডিওটায় ফিল্ম তুলবেন,ইভা আবিষ্কার করেছে কাকে চিত্রনির্মাতাটি বেশ গোপনভাবে [MASK] বলছেন যে তিনি তাঁর স্টুডিওটায় ফিল্ম তুলবেন,"['Score: 0.2442, Token: 2049, Token_str: তিনি', 'Score: 0.0426, Token: 2131, Token_str: তারা', 'Score: 0.0333, Token: 2465, Token_str: দেখে', 'Score: 0.0288, Token: 2045, Token_str: এই', 'Score: 0.0237, Token: 2062, Token_str: ##ই']"
b,25,ইভা আবিষ্কার করেছে কোথায় চিত্রনির্মাতাটি বেশ গোপনভাবে [MASK] বলছেন যে তিনি তাঁর স্টুডিওটায় ফিল্ম তুলবেন,ইভা আবিষ্কার করেছে কোথায় চিত্রনির্মাতাটি বেশ গোপনভাবে [MASK] বলছেন যে তিনি তাঁর স্টুডিওটায় ফিল্ম তুলবেন,"['Score: 0.3401, Token: 2049, Token_str: তিনি', 'Score: 0.0673, Token: 2131, Token_str: তারা', 'Score: 0.0331, Token: 2045, Token_str: এই', 'Score: 0.0275, Token: 2197, Token_str: এটা', 'Score: 0.0214, Token: 2062, Token_str: ##ই']"
c,25,ইভা আবিষ্কার করেছে কাকে চিত্রনির্মাতাটি তিনি তাঁর স্টুডিওটায় [MASK] ফিল্ম তুলবেন বলে বেশ গোপনভাবে বলছেন,ইভা আবিষ্কার করেছে কাকে চিত্রনির্মাতাটি তিনি তাঁর স্টুডিওটায় [MASK] ফিল্ম তুলবেন বলে বেশ গোপনভাবে বলছেন,"['Score: 0.1010, Token: 1012, Token_str: -', 'Score: 0.0383, Token: 2038, Token_str: ও', 'Score: 0.0291, Token: 2042, Token_str: এবং', 'Score: 0.0264, Token: 2071, Token_str: ##কে', 'Score: 0.0131, Token: 3012, Token_str: ##ক']"
d,25,ইভা আবিষ্কার করেছে কোথায় চিত্রনির্মাতাটি তিনি তাঁর স্টুডিওটায় [MASK] ফিল্ম তুলবেন বলে বেশ গোপনভাবে তাকে বলছেন,ইভা আবিষ্কার করেছে কোথায় চিত্রনির্মাতাটি তিনি তাঁর স্টুডিওটায় [MASK] ফিল্ম তুলবেন বলে বেশ গোপনভাবে তাকে বলছেন,"['Score: 0.0795, Token: 1012, Token_str: -', 'Score: 0.0490, Token: 2038, Token_str: ও', 'Score: 0.0391, Token: 2042, Token_str: এবং', 'Score: 0.0330, Token: 2071, Token_str: ##কে', 'Score: 0.0160, Token: 2358, Token_str: সম্পর্কে']"
