condition,item,sentence,normalized_input,predictions
a,1,রাশাদ জিজ্ঞাসা করেছে কাকে ডাক্তারটা খুবই অবাকভাবে [MASK] বলেছেন যে তিনি পুরানো হাসপাতালে চিকিৎসা করেছেন,রাশাদ জিজ্ঞাসা করেছে কাকে ডাক্তারটা খুবই অবাকভাবে [MASK] বলেছেন যে তিনি পুরানো হাসপাতালে চিকিৎসা করেছেন,"['Score: 0.2055, Token: 2362, Token_str: বলতে', 'Score: 0.1140, Token: 11110, Token_str: দেখেই', 'Score: 0.0581, Token: 4498, Token_str: জানাতে', 'Score: 0.0550, Token: 3648, Token_str: ভেবে', 'Score: 0.0535, Token: 5487, Token_str: দেখাতে']"
b,1,রাশাদ জিজ্ঞাসা করেছে কখন ডাক্তারটা খুবই অবাকভাবে [MASK] বলেছেন যে তিনি পুরানো হাসপাতালে তাকে চিকিৎসা করেছেন,রাশাদ জিজ্ঞাসা করেছে কখন ডাক্তারটা খুবই অবাকভাবে [MASK] বলেছেন যে তিনি পুরানো হাসপাতালে তাকে চিকিৎসা করেছেন,"['Score: 0.1801, Token: 10750, Token_str: হেসে', 'Score: 0.1290, Token: 2085, Token_str: কথা', 'Score: 0.0707, Token: 3719, Token_str: বারবার', 'Score: 0.0593, Token: 6463, Token_str: কথাই', 'Score: 0.0537, Token: 3648, Token_str: ভেবে']"
c,1,রাশাদ জিজ্ঞাসা করেছে কাকে ডাক্তারটা তিনি পুরানো হাসপাতালে [MASK] চিকিৎসা করেছেন বলে খুবই অবাকভাবে  বলেছেন,রাশাদ জিজ্ঞাসা করেছে কাকে ডাক্তারটা তিনি পুরানো হাসপাতালে [MASK] চিকিৎসা করেছেন বলে খুবই অবাকভাবে বলেছেন,"['Score: 0.5310, Token: 3470, Token_str: এসেছেন', 'Score: 0.0859, Token: 2056, Token_str: তার', 'Score: 0.0314, Token: 4731, Token_str: চিকিৎসকের', 'Score: 0.0247, Token: 6083, Token_str: চিকিৎসাধীন', 'Score: 0.0214, Token: 2444, Token_str: এসে']"
d,1,রাশাদ জিজ্ঞাসা করেছে কখন ডাক্তারটা তিনি পুরানো হাসপাতালে [MASK] চিকিৎসা করেছেন বলে খুবই অবাকভাবে তাকে বলেছেন,রাশাদ জিজ্ঞাসা করেছে কখন ডাক্তারটা তিনি পুরানো হাসপাতালে [MASK] চিকিৎসা করেছেন বলে খুবই অবাকভাবে তাকে বলেছেন,"['Score: 0.6954, Token: 3470, Token_str: এসেছেন', 'Score: 0.0512, Token: 2056, Token_str: তার', 'Score: 0.0327, Token: 6083, Token_str: চিকিৎসাধীন', 'Score: 0.0222, Token: 2444, Token_str: এসে', 'Score: 0.0171, Token: 5062, Token_str: এসেছিলেন']"
a,2,জাহিদ পত্রিকায় পড়েছে কাকে রাজনীতবিদটা বেশ জোরে [MASK] বলেছেন যে তিনি জাতিসংঘের ভবনে অভিবাদন জানিয়েছেন,জাহিদ পত্রিকায় পড়েছে কাকে রাজনীতবিদটা বেশ জোরে [MASK] বলেছেন যে তিনি জাতিসংঘের ভবনে অভিবাদন জানিয়েছেন,"['Score: 0.1893, Token: 3946, Token_str: উঠতে', 'Score: 0.1608, Token: 2062, Token_str: ##ই', 'Score: 0.0914, Token: 10750, Token_str: হেসে', 'Score: 0.0674, Token: 2444, Token_str: এসে', 'Score: 0.0415, Token: 2223, Token_str: যেতে']"
b,2,জাহিদ পত্রিকায় পড়েছে কখন রাজনীতবিদটা বেশ জোরে [MASK] বলেছেন যে তিনি জাতিসংঘের ভবনে তাকে অভিবাদন জানিয়েছেন,জাহিদ পত্রিকায় পড়েছে কখন রাজনীতবিদটা বেশ জোরে [MASK] বলেছেন যে তিনি জাতিসংঘের ভবনে তাকে অভিবাদন জানিয়েছেন,"['Score: 0.3488, Token: 3946, Token_str: উঠতে', 'Score: 0.1865, Token: 2062, Token_str: ##ই', 'Score: 0.1022, Token: 2444, Token_str: এসে', 'Score: 0.0842, Token: 10750, Token_str: হেসে', 'Score: 0.0256, Token: 2632, Token_str: উঠে']"
c,2,জাহিদ পত্রিকায় পড়েছে কাকে রাজনীতবিদটা তিনি জাতিসংঘের ভবনে [MASK] অভিবাদন জানিয়েছেন বলে বেশ জোরে বলেছেন,জাহিদ পত্রিকায় পড়েছে কাকে রাজনীতবিদটা তিনি জাতিসংঘের ভবনে [MASK] অভিবাদন জানিয়েছেন বলে বেশ জোরে বলেছেন,"['Score: 0.2353, Token: 4307, Token_str: কাকে', 'Score: 0.1836, Token: 2271, Token_str: তাকে', 'Score: 0.0999, Token: 2444, Token_str: এসে', 'Score: 0.0690, Token: 17528, Token_str: তাকেই', 'Score: 0.0502, Token: 8165, Token_str: বসতে']"
d,2,জাহিদ পত্রিকায় পড়েছে কখন রাজনীতবিদটা তিনি জাতিসংঘের ভবনে [MASK] অভিবাদন জানিয়েছেন বলে বেশ জোরে তাকে বলেছেন,জাহিদ পত্রিকায় পড়েছে কখন রাজনীতবিদটা তিনি জাতিসংঘের ভবনে [MASK] অভিবাদন জানিয়েছেন বলে বেশ জোরে তাকে বলেছেন,"['Score: 0.6820, Token: 2271, Token_str: তাকে', 'Score: 0.0512, Token: 2444, Token_str: এসে', 'Score: 0.0395, Token: 3470, Token_str: এসেছেন', 'Score: 0.0219, Token: 3104, Token_str: সাংবাদিকদের', 'Score: 0.0162, Token: 17528, Token_str: তাকেই']"
a,3,সীতা শুনেছে কাকে বিজ্ঞানীটা কিছুটা বিস্মিতভাবে [MASK] বলেছেন যে তিনি বার্ষিক অনুষ্ঠানটাতে পুরষ্কার দেবেন,সীতা শুনেছে কাকে বিজ্ঞানীটা কিছুটা বিস্মিতভাবে [MASK] বলেছেন যে তিনি বার্ষিক অনুষ্ঠানটাতে পুরষ্কার দেবেন,"['Score: 0.1698, Token: 2362, Token_str: বলতে', 'Score: 0.1426, Token: 5487, Token_str: দেখাতে', 'Score: 0.0969, Token: 3719, Token_str: বারবার', 'Score: 0.0744, Token: 5021, Token_str: আগেও', 'Score: 0.0721, Token: 17205, Token_str: লিখিতভাবে']"
b,3,সীতা শুনেছে কখন বিজ্ঞানীটা কিছুটা বিস্মিতভাবে [MASK] বলেছেন যে তিনি বার্ষিক অনুষ্ঠানটাতে তাকে পুরষ্কার দেবেন,সীতা শুনেছে কখন বিজ্ঞানীটা কিছুটা বিস্মিতভাবে [MASK] বলেছেন যে তিনি বার্ষিক অনুষ্ঠানটাতে তাকে পুরষ্কার দেবেন,"['Score: 0.1342, Token: 2085, Token_str: কথা', 'Score: 0.0917, Token: 4791, Token_str: এটাও', 'Score: 0.0773, Token: 2271, Token_str: তাকে', 'Score: 0.0643, Token: 5021, Token_str: আগেও', 'Score: 0.0616, Token: 17205, Token_str: লিখিতভাবে']"
c,3,সীতা শুনেছে কাকে বিজ্ঞানীটা তিনি বার্ষিক অনুষ্ঠানটাতে [MASK] পুরষ্কার দেবেন বলে কিছুটা বিস্মিতভাবে বলেছেন,সীতা শুনেছে কাকে বিজ্ঞানীটা তিনি বার্ষিক অনুষ্ঠানটাতে [MASK] পুরষ্কার দেবেন বলে কিছুটা বিস্মিতভাবে বলেছেন,"['Score: 0.1636, Token: 8631, Token_str: আজীবন', 'Score: 0.1552, Token: 2271, Token_str: তাকে', 'Score: 0.1313, Token: 2617, Token_str: সেরা', 'Score: 0.0918, Token: 2840, Token_str: নিজেকে', 'Score: 0.0534, Token: 3412, Token_str: সবাইকে']"
d,3,সীতা শুনেছে কখন বিজ্ঞানীটা তিনি বার্ষিক অনুষ্ঠানটাতে [MASK] পুরষ্কার দেবেন বলে কিছুটা বিস্মিতভাবে তাকে বলেছেন,সীতা শুনেছে কখন বিজ্ঞানীটা তিনি বার্ষিক অনুষ্ঠানটাতে [MASK] পুরষ্কার দেবেন বলে কিছুটা বিস্মিতভাবে তাকে বলেছেন,"['Score: 0.4132, Token: 2271, Token_str: তাকে', 'Score: 0.0985, Token: 7862, Token_str: আসবেন', 'Score: 0.0712, Token: 8631, Token_str: আজীবন', 'Score: 0.0539, Token: 2617, Token_str: সেরা', 'Score: 0.0529, Token: 2840, Token_str: নিজেকে']"
a,4,জোনাকী ঘোষণা করবে কাকে ব্যবসায়ীটা খানিকটা সাবধানে [MASK] বলেছেন যে তিনি নতুন কোম্পানীটাতে চাকরি দেবেন,জোনাকী ঘোষণা করবে কাকে ব্যবসায়ীটা খানিকটা সাবধানে [MASK] বলেছেন যে তিনি নতুন কোম্পানীটাতে চাকরি দেবেন,"['Score: 0.1638, Token: 2425, Token_str: রাখতে', 'Score: 0.1360, Token: 8165, Token_str: বসতে', 'Score: 0.1228, Token: 2223, Token_str: যেতে', 'Score: 0.0870, Token: 2306, Token_str: থাকতে', 'Score: 0.0516, Token: 2527, Token_str: থাকেন']"
b,4,জোনাকী ঘোষণা করবে কখন ব্যবসায়ীটা খানিকটা সাবধানে [MASK] বলেছেন যে তিনি নতুন কোম্পানীটাতে তাকে চাকরি দেবেন,জোনাকী ঘোষণা করবে কখন ব্যবসায়ীটা খানিকটা সাবধানে [MASK] বলেছেন যে তিনি নতুন কোম্পানীটাতে তাকে চাকরি দেবেন,"['Score: 0.1606, Token: 2306, Token_str: থাকতে', 'Score: 0.1181, Token: 8165, Token_str: বসতে', 'Score: 0.1086, Token: 2223, Token_str: যেতে', 'Score: 0.0752, Token: 2527, Token_str: থাকেন', 'Score: 0.0609, Token: 12876, Token_str: যেতেই']"
c,4,জোনাকী ঘোষণা করবে কাকে ব্যবসায়ীটা তিনি নতুন কোম্পানীটাতে [MASK] চাকরি দেবেন বলে খানিকটা সাবধানে বলেছেন,জোনাকী ঘোষণা করবে কাকে ব্যবসায়ীটা তিনি নতুন কোম্পানীটাতে [MASK] চাকরি দেবেন বলে খানিকটা সাবধানে বলেছেন,"['Score: 0.2933, Token: 3470, Token_str: এসেছেন', 'Score: 0.1597, Token: 2444, Token_str: এসে', 'Score: 0.0647, Token: 3916, Token_str: যাবেন', 'Score: 0.0614, Token: 4307, Token_str: কাকে', 'Score: 0.0535, Token: 2271, Token_str: তাকে']"
d,4,জোনাকী ঘোষণা করবে কখন ব্যবসায়ীটা তিনি নতুন কোম্পানীটাতে [MASK] চাকরি দেবেন বলে খানিকটা সাবধানে তাকে বলেছেন,জোনাকী ঘোষণা করবে কখন ব্যবসায়ীটা তিনি নতুন কোম্পানীটাতে [MASK] চাকরি দেবেন বলে খানিকটা সাবধানে তাকে বলেছেন,"['Score: 0.2491, Token: 3470, Token_str: এসেছেন', 'Score: 0.1893, Token: 2444, Token_str: এসে', 'Score: 0.1183, Token: 3916, Token_str: যাবেন', 'Score: 0.0978, Token: 2271, Token_str: তাকে', 'Score: 0.0893, Token: 7862, Token_str: আসবেন']"
a,5,সাবরিনা এখনও জানে কাকে শিক্ষকটা অত্যন্ত সহজভাবে [MASK] বলেছেন যে তিনি গ্রামের স্কুলটাতে শেখাতে চান,সাবরিনা এখনও জানে কাকে শিক্ষকটা অত্যন্ত সহজভাবে [MASK] বলেছেন যে তিনি গ্রামের স্কুলটাতে শেখাতে চান,"['Score: 0.2345, Token: 2062, Token_str: ##ই', 'Score: 0.1010, Token: 2362, Token_str: বলতে', 'Score: 0.0523, Token: 5487, Token_str: দেখাতে', 'Score: 0.0416, Token: 11110, Token_str: দেখেই', 'Score: 0.0313, Token: 9093, Token_str: শিখতে']"
b,5,সাবরিনা এখনও জানে কখন শিক্ষকটা অত্যন্ত সহজভাবে [MASK] বলেছেন যে তিনি গ্রামের স্কুলটাতে তাকে শেখাতে চান,সাবরিনা এখনও জানে কখন শিক্ষকটা অত্যন্ত সহজভাবে [MASK] বলেছেন যে তিনি গ্রামের স্কুলটাতে তাকে শেখাতে চান,"['Score: 0.4095, Token: 2062, Token_str: ##ই', 'Score: 0.1085, Token: 2085, Token_str: কথা', 'Score: 0.0782, Token: 6463, Token_str: কথাই', 'Score: 0.0363, Token: 7048, Token_str: এমনভাবে', 'Score: 0.0353, Token: 2444, Token_str: এসে']"
c,5,সাবরিনা এখনও জানে কাকে শিক্ষকটা তিনি গ্রামের স্কুলটাতে [MASK] শেখাতে চান বলে অত্যন্ত সহজভাবে বলেছেন,সাবরিনা এখনও জানে কাকে শিক্ষকটা তিনি গ্রামের স্কুলটাতে [MASK] শেখাতে চান বলে অত্যন্ত সহজভাবে বলেছেন,"['Score: 0.2985, Token: 9093, Token_str: শিখতে', 'Score: 0.0820, Token: 3047, Token_str: ইংরেজি', 'Score: 0.0696, Token: 2223, Token_str: যেতে', 'Score: 0.0604, Token: 2940, Token_str: বসে', 'Score: 0.0576, Token: 10993, Token_str: বসেই']"
d,5,সাবরিনা এখনও জানে কখন শিক্ষকটা তিনি গ্রামের স্কুলটাতে [MASK] শেখাতে চান বলে অত্যন্ত সহজভাবে তাকে বলেছেন,সাবরিনা এখনও জানে কখন শিক্ষকটা তিনি গ্রামের স্কুলটাতে [MASK] শেখাতে চান বলে অত্যন্ত সহজভাবে তাকে বলেছেন,"['Score: 0.1688, Token: 9093, Token_str: শিখতে', 'Score: 0.1122, Token: 3047, Token_str: ইংরেজি', 'Score: 0.0794, Token: 6176, Token_str: গণিত', 'Score: 0.0560, Token: 2940, Token_str: বসে', 'Score: 0.0545, Token: 57113, Token_str: কমপিউটার']"
a,6,এনাম সিদ্ধান্ত নিয়েছে কাকে উকিলটা অনেকটা সোজাসুজিভাবে [MASK] বলেছেন যে তিনি আঞ্চলিক আদালতটাতে রক্ষা করবেন,এনাম সিদ্ধান্ত নিয়েছে কাকে উকিলটা অনেকটা সোজাসুজিভাবে [MASK] বলেছেন যে তিনি আঞ্চলিক আদালতটাতে রক্ষা করবেন,"['Score: 0.2416, Token: 2362, Token_str: বলতে', 'Score: 0.1568, Token: 5487, Token_str: দেখাতে', 'Score: 0.1248, Token: 8165, Token_str: বসতে', 'Score: 0.0479, Token: 2223, Token_str: যেতে', 'Score: 0.0467, Token: 4293, Token_str: ভাবতে']"
b,6,এনাম সিদ্ধান্ত নিয়েছে কখন উকিলটা অনেকটা সোজাসুজিভাবে [MASK] বলেছেন যে তিনি আঞ্চলিক আদালতটাতে তাকে রক্ষা করবেন,এনাম সিদ্ধান্ত নিয়েছে কখন উকিলটা অনেকটা সোজাসুজিভাবে [MASK] বলেছেন যে তিনি আঞ্চলিক আদালতটাতে তাকে রক্ষা করবেন,"['Score: 0.1018, Token: 3719, Token_str: বারবার', 'Score: 0.0838, Token: 8165, Token_str: বসতে', 'Score: 0.0610, Token: 2085, Token_str: কথা', 'Score: 0.0533, Token: 17205, Token_str: লিখিতভাবে', 'Score: 0.0514, Token: 3648, Token_str: ভেবে']"
c,6,এনাম সিদ্ধান্ত নিয়েছে কাকে উকিলটা তিনি আঞ্চলিক আদালতটাতে [MASK] রক্ষা করবেন বলে অনেকটা সোজাসুজি বলেছেন,এনাম সিদ্ধান্ত নিয়েছে কাকে উকিলটা তিনি আঞ্চলিক আদালতটাতে [MASK] রক্ষা করবেন বলে অনেকটা সোজাসুজি বলেছেন,"['Score: 0.1474, Token: 2840, Token_str: নিজেকে', 'Score: 0.0913, Token: 2062, Token_str: ##ই', 'Score: 0.0694, Token: 2271, Token_str: তাকে', 'Score: 0.0579, Token: 4307, Token_str: কাকে', 'Score: 0.0392, Token: 4040, Token_str: দেশকে']"
d,6,এনাম সিদ্ধান্ত নিয়েছে কখন উকিলটা তিনি আঞ্চলিক আদালতটাতে [MASK] রক্ষা করবেন বলে অনেকটা সোজাসুজি তাকে বলেছেন,এনাম সিদ্ধান্ত নিয়েছে কখন উকিলটা তিনি আঞ্চলিক আদালতটাতে [MASK] রক্ষা করবেন বলে অনেকটা সোজাসুজি তাকে বলেছেন,"['Score: 0.2323, Token: 2271, Token_str: তাকে', 'Score: 0.1913, Token: 2840, Token_str: নিজেকে', 'Score: 0.1181, Token: 4040, Token_str: দেশকে', 'Score: 0.0440, Token: 2062, Token_str: ##ই', 'Score: 0.0417, Token: 4218, Token_str: আপনাকে']"
a,7,সালমা জানতো না কাকে লেখকটা বেশ তাড়াতাড়ি [MASK] বলেছেন যে তিনি আন্তর্জাতিক সভাটাতে সাহায্য করবেন,সালমা জানতো না কাকে লেখকটা বেশ তাড়াতাড়ি [MASK] বলেছেন যে তিনি আন্তর্জাতিক সভাটাতে সাহায্য করবেন,"['Score: 0.4191, Token: 2062, Token_str: ##ই', 'Score: 0.0957, Token: 11110, Token_str: দেখেই', 'Score: 0.0660, Token: 2465, Token_str: দেখে', 'Score: 0.0274, Token: 3633, Token_str: ভাবে', 'Score: 0.0266, Token: 2915, Token_str: করেই']"
b,7,সালমা জানতো না কখন লেখকটা বেশ তাড়াতাড়ি [MASK] বলেছেন যে তিনি আন্তর্জাতিক সভাটাতে তাকে সাহায্য করবেন,সালমা জানতো না কখন লেখকটা বেশ তাড়াতাড়ি [MASK] বলেছেন যে তিনি আন্তর্জাতিক সভাটাতে তাকে সাহায্য করবেন,"['Score: 0.6887, Token: 2062, Token_str: ##ই', 'Score: 0.0337, Token: 2915, Token_str: করেই', 'Score: 0.0299, Token: 6463, Token_str: কথাই', 'Score: 0.0169, Token: 2832, Token_str: ##ভাবে', 'Score: 0.0156, Token: 2444, Token_str: এসে']"
c,7,সালমা জানতো না কাকে লেখকটা তিনি আন্তর্জাতিক সভাটাতে [MASK] সাহায্য করবেন বলে বেশ তাড়াতাড়ি বলেছেন,সালমা জানতো না কাকে লেখকটা তিনি আন্তর্জাতিক সভাটাতে [MASK] সাহায্য করবেন বলে বেশ তাড়াতাড়ি বলেছেন,"['Score: 0.4062, Token: 4218, Token_str: আপনাকে', 'Score: 0.1744, Token: 2223, Token_str: যেতে', 'Score: 0.1272, Token: 8165, Token_str: বসতে', 'Score: 0.0846, Token: 2271, Token_str: তাকে', 'Score: 0.0460, Token: 2049, Token_str: তিনি']"
d,7,সালমা জানতো না কখন লেখকটা তিনি আন্তর্জাতিক সভাটাতে [MASK] সাহায্য করবেন বলে বেশ তাড়াতাড়ি তাকে বলেছেন,সালমা জানতো না কখন লেখকটা তিনি আন্তর্জাতিক সভাটাতে [MASK] সাহায্য করবেন বলে বেশ তাড়াতাড়ি তাকে বলেছেন,"['Score: 0.5350, Token: 4218, Token_str: আপনাকে', 'Score: 0.2617, Token: 2271, Token_str: তাকে', 'Score: 0.0743, Token: 2223, Token_str: যেতে', 'Score: 0.0328, Token: 8165, Token_str: বসতে', 'Score: 0.0255, Token: 2049, Token_str: তিনি']"
a,8,সেনিয়া আবিষ্কার করেছে কাকে দোকানিটা খুব অপ্রত্যাশিতভাবে [MASK] বলেছেন যে তিনি ফলের দোকানটাতে কাঠাল কিনে দিয়েছেন,সেনিয়া আবিষ্কার করেছে কাকে দোকানিটা খুব অপ্রত্যাশিতভাবে [MASK] বলেছেন যে তিনি ফলের দোকানটাতে কাঠাল কিনে দিয়েছেন,"['Score: 0.6346, Token: 2049, Token_str: তিনি', 'Score: 0.0380, Token: 2362, Token_str: বলতে', 'Score: 0.0353, Token: 5487, Token_str: দেখাতে', 'Score: 0.0261, Token: 11110, Token_str: দেখেই', 'Score: 0.0186, Token: 2465, Token_str: দেখে']"
b,8,সেনিয়া আবিষ্কার করেছে কখন দোকানিটা খুব অপ্রত্যাশিতভাবে [MASK] বলেছেন যে তিনি ফলের দোকানটাতে তাকে কাঠাল কিনে দিয়েছেন,সেনিয়া আবিষ্কার করেছে কখন দোকানিটা খুব অপ্রত্যাশিতভাবে [MASK] বলেছেন যে তিনি ফলের দোকানটাতে তাকে কাঠাল কিনে দিয়েছেন,"['Score: 0.7394, Token: 2049, Token_str: তিনি', 'Score: 0.0203, Token: 11110, Token_str: দেখেই', 'Score: 0.0182, Token: 5487, Token_str: দেখাতে', 'Score: 0.0169, Token: 2465, Token_str: দেখে', 'Score: 0.0092, Token: 2131, Token_str: তারা']"
c,8,সেনিয়া আবিষ্কার করেছে কাকে দোকানিটা তিনি ফলের দোকানটাতে [MASK] কাঠাল কিনে দিয়েছেন বলে খুব অপ্রত্যাশিতভাবে বলেছেন,সেনিয়া আবিষ্কার করেছে কাকে দোকানিটা তিনি ফলের দোকানটাতে [MASK] কাঠাল কিনে দিয়েছেন বলে খুব অপ্রত্যাশিতভাবে বলেছেন,"['Score: 0.7805, Token: 7245, Token_str: ফলের', 'Score: 0.0126, Token: 2163, Token_str: তৈরি', 'Score: 0.0080, Token: 2504, Token_str: কীভাবে', 'Score: 0.0064, Token: 2157, Token_str: একটা', 'Score: 0.0057, Token: 22265, Token_str: কাচা']"
d,8,সেনিয়া আবিষ্কার করেছে কখন দোকানিটা তিনি ফলের দোকানটাতে [MASK] কাঠাল কিনে দিয়েছেন বলে খুব অপ্রত্যাশিতভাবে তাকে বলেছেন,সেনিয়া আবিষ্কার করেছে কখন দোকানিটা তিনি ফলের দোকানটাতে [MASK] কাঠাল কিনে দিয়েছেন বলে খুব অপ্রত্যাশিতভাবে তাকে বলেছেন,"['Score: 0.7455, Token: 7245, Token_str: ফলের', 'Score: 0.0181, Token: 2163, Token_str: তৈরি', 'Score: 0.0151, Token: 5062, Token_str: এসেছিলেন', 'Score: 0.0080, Token: 2051, Token_str: একটি', 'Score: 0.0069, Token: 2940, Token_str: বসে']"
a,9,সুমী শিখেছে কাকে অনুবাদকটা কিছুটা বিষণ্ণভাবে [MASK] বলেছেন যে তিনি শহরের লাইব্রেরীটাতে কবিতা দেবেন না,সুমী শিখেছে কাকে অনুবাদকটা কিছুটা বিষণ্ণভাবে [MASK] বলেছেন যে তিনি শহরের লাইব্রেরীটাতে কবিতা দেবেন না,"['Score: 0.1007, Token: 2362, Token_str: বলতে', 'Score: 0.0864, Token: 6488, Token_str: লিখতে', 'Score: 0.0763, Token: 8165, Token_str: বসতে', 'Score: 0.0515, Token: 6635, Token_str: বললে', 'Score: 0.0515, Token: 2049, Token_str: তিনি']"
b,9,সুমী শিখেছে কখন অনুবাদকটা কিছুটা বিষণ্ণভাবে [MASK] বলেছেন যে তিনি শহরের লাইব্রেরীটাতে তাকে কবিতা দেবেন না,সুমী শিখেছে কখন অনুবাদকটা কিছুটা বিষণ্ণভাবে [MASK] বলেছেন যে তিনি শহরের লাইব্রেরীটাতে তাকে কবিতা দেবেন না,"['Score: 0.1311, Token: 2049, Token_str: তিনি', 'Score: 0.1183, Token: 6488, Token_str: লিখতে', 'Score: 0.0395, Token: 2085, Token_str: কথা', 'Score: 0.0392, Token: 3719, Token_str: বারবার', 'Score: 0.0382, Token: 7048, Token_str: এমনভাবে']"
c,9,সুমী শিখেছে কাকে অনুবাদকটা তিনি শহরের লাইব্রেরীটাতে [MASK] কবিতা দেবেন না বলে কিছুটা বিষণ্ণভাবে বলেছেন,সুমী শিখেছে কাকে অনুবাদকটা তিনি শহরের লাইব্রেরীটাতে [MASK] কবিতা দেবেন না বলে কিছুটা বিষণ্ণভাবে বলেছেন,"['Score: 0.0793, Token: 6594, Token_str: লিখেছিলেন', 'Score: 0.0717, Token: 3470, Token_str: এসেছেন', 'Score: 0.0647, Token: 13289, Token_str: আসতেন', 'Score: 0.0482, Token: 2940, Token_str: বসে', 'Score: 0.0466, Token: 11294, Token_str: দেখলেন']"
d,9,সুমী শিখেছে কখন অনুবাদকটাতিনি শহরের লাইব্রেরীটাতে [MASK] কবিতা দেবেন না বলে কিছুটা বিষণ্ণভাবে তাকে বলেছেন,সুমী শিখেছে কখন অনুবাদকটাতিনি শহরের লাইব্রেরীটাতে [MASK] কবিতা দেবেন না বলে কিছুটা বিষণ্ণভাবে তাকে বলেছেন,"['Score: 0.1880, Token: 3916, Token_str: যাবেন', 'Score: 0.1749, Token: 2940, Token_str: বসে', 'Score: 0.0725, Token: 2444, Token_str: এসে', 'Score: 0.0720, Token: 7862, Token_str: আসবেন', 'Score: 0.0488, Token: 13289, Token_str: আসতেন']"
a,10,আকাশ খবরের কাগজে পড়েছে কাকে প্রধানমন্ত্রী খানিকটা সাবধানে [MASK] বলেছেন যে তিনি একটা বিমানটাতে হত্যা করে দেবেন,আকাশ খবরের কাগজে পড়েছে কাকে প্রধানমন্ত্রী খানিকটা সাবধানে [MASK] বলেছেন যে তিনি একটা বিমানটাতে হত্যা করে দেবেন,"['Score: 0.4719, Token: 8165, Token_str: বসতে', 'Score: 0.1288, Token: 2223, Token_str: যেতে', 'Score: 0.0919, Token: 2306, Token_str: থাকতে', 'Score: 0.0424, Token: 2425, Token_str: রাখতে', 'Score: 0.0347, Token: 3946, Token_str: উঠতে']"
b,10,আকাশ খবরের কাগজে পড়েছে কখন প্রধানমন্ত্রী খানিকটা সাবধানে [MASK] বলেছেন যে তিনি একটা বিমানটাতে তাকে হত্যা করে দেবেন,আকাশ খবরের কাগজে পড়েছে কখন প্রধানমন্ত্রী খানিকটা সাবধানে [MASK] বলেছেন যে তিনি একটা বিমানটাতে তাকে হত্যা করে দেবেন,"['Score: 0.1384, Token: 8165, Token_str: বসতে', 'Score: 0.1260, Token: 12876, Token_str: যেতেই', 'Score: 0.1174, Token: 2940, Token_str: বসে', 'Score: 0.0962, Token: 2832, Token_str: ##ভাবে', 'Score: 0.0772, Token: 2223, Token_str: যেতে']"
c,10,আকাশ খবরের কাগজে পড়েছে কাকে প্রধানমন্ত্রী তিনি একটা বিমানটাতে [MASK] হত্যা করে দেবেন বলে খানিকটা সাবধানে বলেছেন,আকাশ খবরের কাগজে পড়েছে কাকে প্রধানমন্ত্রী তিনি একটা বিমানটাতে [MASK] হত্যা করে দেবেন বলে খানিকটা সাবধানে বলেছেন,"['Score: 0.4134, Token: 2271, Token_str: তাকে', 'Score: 0.1617, Token: 3412, Token_str: সবাইকে', 'Score: 0.0791, Token: 4218, Token_str: আপনাকে', 'Score: 0.0501, Token: 4307, Token_str: কাকে', 'Score: 0.0217, Token: 4389, Token_str: জনকে']"
d,10,আকাশ খবরের কাগজে পড়েছে কখন প্রধানমন্ত্রী তিনি একটা বিমানটাতে [MASK] হত্যা করে দেবেন বলে খানিকটা সাবধানে তাকে বলেছেন,আকাশ খবরের কাগজে পড়েছে কখন প্রধানমন্ত্রী তিনি একটা বিমানটাতে [MASK] হত্যা করে দেবেন বলে খানিকটা সাবধানে তাকে বলেছেন,"['Score: 0.7529, Token: 2271, Token_str: তাকে', 'Score: 0.0757, Token: 4218, Token_str: আপনাকে', 'Score: 0.0247, Token: 3412, Token_str: সবাইকে', 'Score: 0.0176, Token: 2444, Token_str: এসে', 'Score: 0.0169, Token: 3266, Token_str: গেলেন']"
a,11,সোমা শুনেছে কাকে পাচকটা অনেকটা গোপনে [MASK] বলেছেন যে তিনি বড় রেস্টুরেন্টটাতে নিমন্ত্রণ করবেন,সোমা শুনেছে কাকে পাচকটা অনেকটা গোপনে [MASK] বলেছেন যে তিনি বড় রেস্টুরেন্টটাতে নিমন্ত্রণ করবেন,"['Score: 0.1720, Token: 8165, Token_str: বসতে', 'Score: 0.1549, Token: 2223, Token_str: যেতে', 'Score: 0.0782, Token: 2049, Token_str: তিনি', 'Score: 0.0475, Token: 2085, Token_str: কথা', 'Score: 0.0474, Token: 2444, Token_str: এসে']"
b,11,সোমা শুনেছে কখন পাচকটা অনেকটা গোপনে [MASK] বলেছেন যে তিনি বড় রেস্টুরেন্টটাতে তাকে নিমন্ত্রণ করবেন,সোমা শুনেছে কখন পাচকটা অনেকটা গোপনে [MASK] বলেছেন যে তিনি বড় রেস্টুরেন্টটাতে তাকে নিমন্ত্রণ করবেন,"['Score: 0.2029, Token: 2049, Token_str: তিনি', 'Score: 0.1302, Token: 2223, Token_str: যেতে', 'Score: 0.1301, Token: 2444, Token_str: এসে', 'Score: 0.0711, Token: 2085, Token_str: কথা', 'Score: 0.0314, Token: 8165, Token_str: বসতে']"
c,11,সোমা শুনেছে কাকে পাচকটা তিনি বড় রেস্টুরেন্টটাতে [MASK] নিমন্ত্রণ করবেন বলে অনেকটা গোপনে বলেছেন,সোমা শুনেছে কাকে পাচকটা তিনি বড় রেস্টুরেন্টটাতে [MASK] নিমন্ত্রণ করবেন বলে অনেকটা গোপনে বলেছেন,"['Score: 0.2083, Token: 2444, Token_str: এসে', 'Score: 0.1218, Token: 3916, Token_str: যাবেন', 'Score: 0.1041, Token: 3470, Token_str: এসেছেন', 'Score: 0.0648, Token: 2504, Token_str: কীভাবে', 'Score: 0.0445, Token: 2049, Token_str: তিনি']"
d,11,সোমা শুনেছে কখন পাচকটা তিনি বড় রেস্টুরেন্টটাতে [MASK] নিমন্ত্রণ করবেন বলে অনেকটা গোপনে তাকে বলেছেন,সোমা শুনেছে কখন পাচকটা তিনি বড় রেস্টুরেন্টটাতে [MASK] নিমন্ত্রণ করবেন বলে অনেকটা গোপনে তাকে বলেছেন,"['Score: 0.3342, Token: 2444, Token_str: এসে', 'Score: 0.1432, Token: 2271, Token_str: তাকে', 'Score: 0.1202, Token: 3470, Token_str: এসেছেন', 'Score: 0.1107, Token: 3916, Token_str: যাবেন', 'Score: 0.0407, Token: 2840, Token_str: নিজেকে']"
a,12,জামাল ঘোষণা করেছে কাকে গায়কটা বেশ শান্তভাবে [MASK] বলেছেন যে তিনি সুন্দর থিয়েটারটাতে বিয়ে করবে,জামাল ঘোষণা করেছে কাকে গায়কটা বেশ শান্তভাবে [MASK] বলেছেন যে তিনি সুন্দর থিয়েটারটাতে বিয়ে করবে,"['Score: 0.0977, Token: 2085, Token_str: কথা', 'Score: 0.0858, Token: 2049, Token_str: তিনি', 'Score: 0.0793, Token: 8165, Token_str: বসতে', 'Score: 0.0712, Token: 10750, Token_str: হেসে', 'Score: 0.0540, Token: 4907, Token_str: জামাল']"
b,12,জামাল ঘোষণা করেছে কখন গায়কটা বেশ শান্তভাবে [MASK] বলেছেন যে তিনি সুন্দর থিয়েটারটাতে তাকে বিয়ে করবে,জামাল ঘোষণা করেছে কখন গায়কটা বেশ শান্তভাবে [MASK] বলেছেন যে তিনি সুন্দর থিয়েটারটাতে তাকে বিয়ে করবে,"['Score: 0.1929, Token: 4907, Token_str: জামাল', 'Score: 0.1168, Token: 2085, Token_str: কথা', 'Score: 0.0782, Token: 2049, Token_str: তিনি', 'Score: 0.0610, Token: 10750, Token_str: হেসে', 'Score: 0.0543, Token: 2271, Token_str: তাকে']"
c,12,জামাল ঘোষণা করেছে কাকে গায়কটা  তিনি সুন্দর থিয়েটারটাতে [MASK] বিয়ে করবে বলে বেশ শান্তভাবে বলেছেন,জামাল ঘোষণা করেছে কাকে গায়কটা তিনি সুন্দর থিয়েটারটাতে [MASK] বিয়ে করবে বলে বেশ শান্তভাবে বলেছেন,"['Score: 0.1857, Token: 3916, Token_str: যাবেন', 'Score: 0.1277, Token: 4218, Token_str: আপনাকে', 'Score: 0.0759, Token: 7862, Token_str: আসবেন', 'Score: 0.0652, Token: 2444, Token_str: এসে', 'Score: 0.0552, Token: 2271, Token_str: তাকে']"
d,12,জামাল ঘোষণা করেছে কখন গায়কটা  তিনি সুন্দর থিয়েটারটাতে [MASK] বিয়ে করবে বলে বেশ শান্তভাবে তাকে বলেছেন,জামাল ঘোষণা করেছে কখন গায়কটা তিনি সুন্দর থিয়েটারটাতে [MASK] বিয়ে করবে বলে বেশ শান্তভাবে তাকে বলেছেন,"['Score: 0.3627, Token: 3916, Token_str: যাবেন', 'Score: 0.2282, Token: 7862, Token_str: আসবেন', 'Score: 0.0946, Token: 3470, Token_str: এসেছেন', 'Score: 0.0869, Token: 2444, Token_str: এসে', 'Score: 0.0326, Token: 4218, Token_str: আপনাকে']"
a,13,জয় অনুমান করেছে কাকে ধোপাটা কিছুটা রাগতভাবে [MASK] বলেছেন যে তিনি কাজের জন্য টাকা দেবেন না,জয় অনুমান করেছে কাকে ধোপাটা কিছুটা রাগতভাবে [MASK] বলেছেন যে তিনি কাজের জন্য টাকা দেবেন না,"['Score: 0.5035, Token: 2049, Token_str: তিনি', 'Score: 0.0342, Token: 2085, Token_str: কথা', 'Score: 0.0297, Token: 2062, Token_str: ##ই', 'Score: 0.0238, Token: 2253, Token_str: কেউ', 'Score: 0.0221, Token: 2362, Token_str: বলতে']"
b,13,জয় অনুমান করেছে কখন ধোপাটা কিছুটা রাগতভাবে [MASK] বলেছেন যে তিনি কাজের জন্য তাকে টাকা দেবেন না,জয় অনুমান করেছে কখন ধোপাটা কিছুটা রাগতভাবে [MASK] বলেছেন যে তিনি কাজের জন্য তাকে টাকা দেবেন না,"['Score: 0.4205, Token: 2049, Token_str: তিনি', 'Score: 0.0633, Token: 2062, Token_str: ##ই', 'Score: 0.0291, Token: 4065, Token_str: নিজেই', 'Score: 0.0282, Token: 2085, Token_str: কথা', 'Score: 0.0213, Token: 2253, Token_str: কেউ']"
c,13,জয় অনুমান করেছে কাকে ধোপাটা তিনি কাজের জন্য [MASK] টাকা দেবেন না বলে কিছুটা রাগতভাবে বলেছেন,জয় অনুমান করেছে কাকে ধোপাটা তিনি কাজের জন্য [MASK] টাকা দেবেন না বলে কিছুটা রাগতভাবে বলেছেন,"['Score: 0.0865, Token: 3928, Token_str: জানালেন', 'Score: 0.0578, Token: 2228, Token_str: বলেছেন', 'Score: 0.0500, Token: 3748, Token_str: কাউকে', 'Score: 0.0380, Token: 4218, Token_str: আপনাকে', 'Score: 0.0342, Token: 5420, Token_str: বলবেন']"
d,13,জয় অনুমান করেছে কখন ধোপাটা তিনি কাজের জন্য [MASK] টাকা দেবেন না বলে কিছুটা রাগতভাবে তাকে বলেছেন,জয় অনুমান করেছে কখন ধোপাটা তিনি কাজের জন্য [MASK] টাকা দেবেন না বলে কিছুটা রাগতভাবে তাকে বলেছেন,"['Score: 0.0751, Token: 3875, Token_str: নেবেন', 'Score: 0.0743, Token: 3916, Token_str: যাবেন', 'Score: 0.0496, Token: 11450, Token_str: চাইবেন', 'Score: 0.0479, Token: 3928, Token_str: জানালেন', 'Score: 0.0406, Token: 2506, Token_str: করবেন']"
a,14,সজল সিদ্ধান্ত নিয়েছে কখন জেনারেল খুব ভোরে [MASK] বলেছেন যে তিনি বিশাল যুদ্ধক্ষেত্রটাতে আক্রমণ করবেন,সজল সিদ্ধান্ত নিয়েছে কখন জেনারেল খুব ভোরে [MASK] বলেছেন যে তিনি বিশাল যুদ্ধক্ষেত্রটাতে আক্রমণ করবেন,"['Score: 0.3220, Token: 2444, Token_str: এসে', 'Score: 0.0772, Token: 10750, Token_str: হেসে', 'Score: 0.0577, Token: 9542, Token_str: বিএনপিকে', 'Score: 0.0544, Token: 2271, Token_str: তাকে', 'Score: 0.0475, Token: 6484, Token_str: আদালতকে']"
b,14,সজল সিদ্ধান্ত নিয়েছে কখন জেনারেল খুব ভোরে [MASK] বলেছেন যে তিনি বিশাল যুদ্ধক্ষেত্রটাতে তাকে আক্রমণ করবেন,সজল সিদ্ধান্ত নিয়েছে কখন জেনারেল খুব ভোরে [MASK] বলেছেন যে তিনি বিশাল যুদ্ধক্ষেত্রটাতে তাকে আক্রমণ করবেন,"['Score: 0.2817, Token: 2444, Token_str: এসে', 'Score: 0.0879, Token: 2271, Token_str: তাকে', 'Score: 0.0835, Token: 10750, Token_str: হেসে', 'Score: 0.0535, Token: 9542, Token_str: বিএনপিকে', 'Score: 0.0464, Token: 6484, Token_str: আদালতকে']"
c,14,সজল সিদ্ধান্ত নিয়েছে কাকে জেনারেল তিনি বিশাল যুদ্ধক্ষেত্রটাতে [MASK] আক্ৰমণ করবেন বলে খুব ভোরে বলেছেন,সজল সিদ্ধান্ত নিয়েছে কাকে জেনারেল তিনি বিশাল যুদ্ধক্ষেত্রটাতে [MASK] আক্ৰমণ করবেন বলে খুব ভোরে বলেছেন,"['Score: 0.1800, Token: 4218, Token_str: আপনাকে', 'Score: 0.0901, Token: 3256, Token_str: বাংলাদেশকে', 'Score: 0.0776, Token: 3916, Token_str: যাবেন', 'Score: 0.0665, Token: 2444, Token_str: এসে', 'Score: 0.0429, Token: 4040, Token_str: দেশকে']"
d,14,সজল সিদ্ধান্ত নিয়েছে কখন জেনারেল তিনি বিশাল যুদ্ধক্ষেত্রটাতে [MASK] আক্রমণ করবেন বলে খুব ভোরে তাকে বলেছেন,সজল সিদ্ধান্ত নিয়েছে কখন জেনারেল তিনি বিশাল যুদ্ধক্ষেত্রটাতে [MASK] আক্রমণ করবেন বলে খুব ভোরে তাকে বলেছেন,"['Score: 0.3063, Token: 2271, Token_str: তাকে', 'Score: 0.1958, Token: 3256, Token_str: বাংলাদেশকে', 'Score: 0.1349, Token: 7469, Token_str: ভারতকে', 'Score: 0.0923, Token: 4218, Token_str: আপনাকে', 'Score: 0.0370, Token: 2901, Token_str: সরকারকে']"
a,15,মিতা জানতে চাচ্ছিলো কাকে দর্জিটা প্রায় উত্তেজিতভাবে [MASK] বলেছেন যে তিনি গ্রামের বাজারে দেখতে পারবেন,মিতা জানতে চাচ্ছিলো কাকে দর্জিটা প্রায় উত্তেজিতভাবে [MASK] বলেছেন যে তিনি গ্রামের বাজারে দেখতে পারবেন,"['Score: 0.1692, Token: 8165, Token_str: বসতে', 'Score: 0.0757, Token: 2362, Token_str: বলতে', 'Score: 0.0718, Token: 3719, Token_str: বারবার', 'Score: 0.0675, Token: 10750, Token_str: হেসে', 'Score: 0.0527, Token: 3648, Token_str: ভেবে']"
b,15,মিতা জানতে চাচ্ছিলো কোথায় দর্জিটা প্রায় উত্তেজিতভাবে [MASK] বলেছেন যে তিনি গ্রামের বাজারে তাকে দেখতে পারবেন,মিতা জানতে চাচ্ছিলো কোথায় দর্জিটা প্রায় উত্তেজিতভাবে [MASK] বলেছেন যে তিনি গ্রামের বাজারে তাকে দেখতে পারবেন,"['Score: 0.1602, Token: 10750, Token_str: হেসে', 'Score: 0.1586, Token: 8165, Token_str: বসতে', 'Score: 0.0992, Token: 3719, Token_str: বারবার', 'Score: 0.0751, Token: 2444, Token_str: এসে', 'Score: 0.0740, Token: 2085, Token_str: কথা']"
c,15,মিতা জানতে চাচ্ছিলো কাকে দর্জিটা তিনি গ্রামের বাজারে [MASK] দেখতে পারবেন বলে প্রায় উত্তেজিতভাবে বলেছেন,মিতা জানতে চাচ্ছিলো কাকে দর্জিটা তিনি গ্রামের বাজারে [MASK] দেখতে পারবেন বলে প্রায় উত্তেজিতভাবে বলেছেন,"['Score: 0.2997, Token: 2444, Token_str: এসে', 'Score: 0.1481, Token: 3158, Token_str: ঘরে', 'Score: 0.0969, Token: 2940, Token_str: বসে', 'Score: 0.0273, Token: 2543, Token_str: দেখতে', 'Score: 0.0198, Token: 3648, Token_str: ভেবে']"
d,15,মিতা জানতে চাচ্ছিলো কোথায় দর্জিটা তিনি গ্রামের বাজারে [MASK] দেখতে পারবেন বলে প্রায় উত্তেজিতভাবে তাকে বলেছেন,মিতা জানতে চাচ্ছিলো কোথায় দর্জিটা তিনি গ্রামের বাজারে [MASK] দেখতে পারবেন বলে প্রায় উত্তেজিতভাবে তাকে বলেছেন,"['Score: 0.5450, Token: 2444, Token_str: এসে', 'Score: 0.0684, Token: 3158, Token_str: ঘরে', 'Score: 0.0527, Token: 3470, Token_str: এসেছেন', 'Score: 0.0329, Token: 2940, Token_str: বসে', 'Score: 0.0262, Token: 11095, Token_str: গেলেই']"
a,16,নয়ন আবিষ্কার করেছে কাকে পাণ্ডিতটা খুব সহজভাবে [MASK] বলেছেন যে তিনি প্রাচীন মন্দিরটাতে নমস্কার করেছেন,নয়ন আবিষ্কার করেছে কাকে পাণ্ডিতটা খুব সহজভাবে [MASK] বলেছেন যে তিনি প্রাচীন মন্দিরটাতে নমস্কার করেছেন,"['Score: 0.4273, Token: 2062, Token_str: ##ই', 'Score: 0.1057, Token: 2362, Token_str: বলতে', 'Score: 0.0796, Token: 5487, Token_str: দেখাতে', 'Score: 0.0724, Token: 2049, Token_str: তিনি', 'Score: 0.0283, Token: 4498, Token_str: জানাতে']"
b,16,নয়ন আবিষ্কার করেছে কোথায় পাণ্ডিতটা খুব সহজভাবে [MASK] বলেছেন যে তিনি প্রাচীন মন্দিরটাতে তাকে নমস্কার করেছেন,নয়ন আবিষ্কার করেছে কোথায় পাণ্ডিতটা খুব সহজভাবে [MASK] বলেছেন যে তিনি প্রাচীন মন্দিরটাতে তাকে নমস্কার করেছেন,"['Score: 0.4709, Token: 2049, Token_str: তিনি', 'Score: 0.2327, Token: 2062, Token_str: ##ই', 'Score: 0.0353, Token: 2131, Token_str: তারা', 'Score: 0.0342, Token: 14183, Token_str: সকলেই', 'Score: 0.0285, Token: 2444, Token_str: এসে']"
c,16,নয়ন আবিষ্কার করেছে কাকে পাণ্ডিতটা তিনি প্রাচীন মন্দিরটাতে [MASK] নমস্কার করেছেন বলে খুব সহজভাবে বলেছেন,নয়ন আবিষ্কার করেছে কাকে পাণ্ডিতটা তিনি প্রাচীন মন্দিরটাতে [MASK] নমস্কার করেছেন বলে খুব সহজভাবে বলেছেন,"['Score: 0.5491, Token: 2840, Token_str: নিজেকে', 'Score: 0.0663, Token: 4218, Token_str: আপনাকে', 'Score: 0.0387, Token: 7469, Token_str: ভারতকে', 'Score: 0.0276, Token: 4307, Token_str: কাকে', 'Score: 0.0247, Token: 2444, Token_str: এসে']"
d,16,নয়ন আবিষ্কার করেছে কোথায় পাণ্ডিতটা তিনি প্রাচীন মন্দিরটাতে [MASK] নমস্কার করেছেন বলে খুব সহজভাবে তাকে বলেছেন,নয়ন আবিষ্কার করেছে কোথায় পাণ্ডিতটা তিনি প্রাচীন মন্দিরটাতে [MASK] নমস্কার করেছেন বলে খুব সহজভাবে তাকে বলেছেন,"['Score: 0.4581, Token: 2840, Token_str: নিজেকে', 'Score: 0.0724, Token: 4218, Token_str: আপনাকে', 'Score: 0.0317, Token: 2058, Token_str: ##ও', 'Score: 0.0294, Token: 7469, Token_str: ভারতকে', 'Score: 0.0245, Token: 2444, Token_str: এসে']"
a,17,আলম শিখেছে কাকে অধ্যাপকটা খুব কৌতূহলীভাবে [MASK] বলেছেন যে তিনি বই মেলাটা থেকে বই কিনে দেবে,আলম শিখেছে কাকে অধ্যাপকটা খুব কৌতূহলীভাবে [MASK] বলেছেন যে তিনি বই মেলাটা থেকে বই কিনে দেবে,"['Score: 0.3421, Token: 3633, Token_str: ভাবে', 'Score: 0.0920, Token: 2832, Token_str: ##ভাবে', 'Score: 0.0603, Token: 2085, Token_str: কথা', 'Score: 0.0553, Token: 2915, Token_str: করেই', 'Score: 0.0413, Token: 2049, Token_str: তিনি']"
b,17,আলম শিখেছে কোথায় অধ্যাপকটা খুব কৌতূহলীভাবে [MASK] বলেছেন যে তিনি বই মেলাটা থেকে তাকে বই কিনে দেবে,আলম শিখেছে কোথায় অধ্যাপকটা খুব কৌতূহলীভাবে [MASK] বলেছেন যে তিনি বই মেলাটা থেকে তাকে বই কিনে দেবে,"['Score: 0.3164, Token: 3633, Token_str: ভাবে', 'Score: 0.0934, Token: 2832, Token_str: ##ভাবে', 'Score: 0.0709, Token: 2915, Token_str: করেই', 'Score: 0.0453, Token: 2085, Token_str: কথা', 'Score: 0.0241, Token: 2271, Token_str: তাকে']"
c,17,আলম শিখেছে কাকে অধ্যাপকটা তিনি বই মেলাটা থেকে [MASK] বই কিনে দেবে বলে খুব কৌতূহলীভাবে বলেছেন,আলম শিখেছে কাকে অধ্যাপকটা তিনি বই মেলাটা থেকে [MASK] বই কিনে দেবে বলে খুব কৌতূহলীভাবে বলেছেন,"['Score: 0.1289, Token: 6368, Token_str: ইংলিশ', 'Score: 0.1054, Token: 2157, Token_str: একটা', 'Score: 0.0572, Token: 2504, Token_str: কীভাবে', 'Score: 0.0464, Token: 8941, Token_str: আরেকটা', 'Score: 0.0451, Token: 4582, Token_str: কেনা']"
d,17,আলম শিখেছে কোথায় অধ্যাপকটা তিনি বই মেলাটা থেকে [MASk] বই কিনে দেবে বলে খুব কৌতূহলীভাবে তাকে বলেছেন,আলম শিখেছে কোথায় অধ্যাপকটা তিনি বই মেলাটা থেকে [MASk] বই কিনে দেবে বলে খুব কৌতূহলীভাবে তাকে বলেছেন,['ERROR: No mask_token ([MASK]) found on the input']
a,18,রোকন জানতো না কাকে গোয়েন্দাটা খুব রহস্যজনকভাবে [MASK] বলেছেন যে তিনি খুব রাতে অনুসন্ধান করবেন,রোকন জানতো না কাকে গোয়েন্দাটা খুব রহস্যজনকভাবে [MASK] বলেছেন যে তিনি খুব রাতে অনুসন্ধান করবেন,"['Score: 0.3113, Token: 2049, Token_str: তিনি', 'Score: 0.0882, Token: 5487, Token_str: দেখাতে', 'Score: 0.0458, Token: 2536, Token_str: আপনি', 'Score: 0.0432, Token: 2085, Token_str: কথা', 'Score: 0.0350, Token: 2131, Token_str: তারা']"
b,18,রোকন জানতো না কোথায় গোয়েন্দাটা খুব রহস্যজনকভাবে [MASK] বলেছেন যে তিনি খুব রাতে তাকে অনুসন্ধান করবেন,রোকন জানতো না কোথায় গোয়েন্দাটা খুব রহস্যজনকভাবে [MASK] বলেছেন যে তিনি খুব রাতে তাকে অনুসন্ধান করবেন,"['Score: 0.4946, Token: 2049, Token_str: তিনি', 'Score: 0.0723, Token: 2085, Token_str: কথা', 'Score: 0.0584, Token: 2832, Token_str: ##ভাবে', 'Score: 0.0288, Token: 2979, Token_str: অনেকেই', 'Score: 0.0284, Token: 2271, Token_str: তাকে']"
c,18,রোকন জানতো না কাকে গোয়েন্দাটা তিনি খুব রাতে [MASK] অনুসন্ধান করবেন বলে খুব রহস্যজনকভাবে বলেছেন,রোকন জানতো না কাকে গোয়েন্দাটা তিনি খুব রাতে [MASK] অনুসন্ধান করবেন বলে খুব রহস্যজনকভাবে বলেছেন,"['Score: 0.1800, Token: 2504, Token_str: কীভাবে', 'Score: 0.1107, Token: 3936, Token_str: কতটা', 'Score: 0.0576, Token: 4307, Token_str: কাকে', 'Score: 0.0386, Token: 8253, Token_str: নিজেরাই', 'Score: 0.0254, Token: 4173, Token_str: কবে']"
d,18,রোকন জানতো না কোথায় গোয়েন্দাটা তিনি খুব রাতে [MASK] অনুসন্ধান করবেন বলে খুব রহস্যজনকভাবে তাকে বলেছেন,রোকন জানতো না কোথায় গোয়েন্দাটা তিনি খুব রাতে [MASK] অনুসন্ধান করবেন বলে খুব রহস্যজনকভাবে তাকে বলেছেন,"['Score: 0.0971, Token: 2271, Token_str: তাকে', 'Score: 0.0967, Token: 2504, Token_str: কীভাবে', 'Score: 0.0794, Token: 3936, Token_str: কতটা', 'Score: 0.0319, Token: 50364, Token_str: একট', 'Score: 0.0239, Token: 8253, Token_str: নিজেরাই']"
a,19,শীলা জিজ্ঞাসা করেছে কাকে বিমানচালকটা বেশ হঠাৎ [MASK] বলেছেন যে তিনি একদম আন্তরিকভাবে আদর করেন,শীলা জিজ্ঞাসা করেছে কাকে বিমানচালকটা বেশ হঠাৎ [MASK] বলেছেন যে তিনি একদম আন্তরিকভাবে আদর করেন,"['Score: 0.5008, Token: 2915, Token_str: করেই', 'Score: 0.1096, Token: 5434, Token_str: ওরা', 'Score: 0.0598, Token: 2253, Token_str: কেউ', 'Score: 0.0300, Token: 10750, Token_str: হেসে', 'Score: 0.0145, Token: 2049, Token_str: তিনি']"
b,19, শীলা জিজ্ঞাসা করেছে কোথায় বিমানচালকটা বেশ হঠাৎ [MASK] বলেছেন যে তিনি একদম আন্তরিকভাবে তাকে আদর করেন, শীলা জিজ্ঞাসা করেছে কোথায় বিমানচালকটা বেশ হঠাৎ [MASK] বলেছেন যে তিনি একদম আন্তরিকভাবে তাকে আদর করেন,"['Score: 0.8060, Token: 2915, Token_str: করেই', 'Score: 0.0208, Token: 10750, Token_str: হেসে', 'Score: 0.0199, Token: 2253, Token_str: কেউ', 'Score: 0.0148, Token: 28824, Token_str: আপনিই', 'Score: 0.0135, Token: 2049, Token_str: তিনি']"
c,19,শীলা জিজ্ঞাসা করেছে কাকে বিমানচালকটা তিনি একদম আন্তরিকভাবে [MASK] আদর করেন বলে বেশ হঠাৎ বলেছেন,শীলা জিজ্ঞাসা করেছে কাকে বিমানচালকটা তিনি একদম আন্তরিকভাবে [MASK] আদর করেন বলে বেশ হঠাৎ বলেছেন,"['Score: 0.0765, Token: 2271, Token_str: তাকে', 'Score: 0.0503, Token: 6094, Token_str: দেখেছেন', 'Score: 0.0406, Token: 2240, Token_str: বেশ', 'Score: 0.0380, Token: 2840, Token_str: নিজেকে', 'Score: 0.0259, Token: 7205, Token_str: এতটাই']"
d,19,শীলা জিজ্ঞাসা করেছে কোথায় বিমানচালকটা তিনি একদম আন্তরিকভাবে [MASK] আদর করেন বলে বেশ হঠাৎ তাকে বলেছেন,শীলা জিজ্ঞাসা করেছে কোথায় বিমানচালকটা তিনি একদম আন্তরিকভাবে [MASK] আদর করেন বলে বেশ হঠাৎ তাকে বলেছেন,"['Score: 0.6134, Token: 2271, Token_str: তাকে', 'Score: 0.0546, Token: 2840, Token_str: নিজেকে', 'Score: 0.0463, Token: 4218, Token_str: আপনাকে', 'Score: 0.0308, Token: 2240, Token_str: বেশ', 'Score: 0.0225, Token: 7205, Token_str: এতটাই']"
a,20,মণীষা ইনটারনেটে পড়েছে কাকে ভ্রমণকারীটা খুবই অপ্রত্যাশিতভাবে [MASK] বলেছেন যে তিনি কলকাতার বিমানবন্দরটাতে ডাকাতি করেছেন,মণীষা ইনটারনেটে পড়েছে কাকে ভ্রমণকারীটা খুবই অপ্রত্যাশিতভাবে [MASK] বলেছেন যে তিনি কলকাতার বিমানবন্দরটাতে ডাকাতি করেছেন,"['Score: 0.4627, Token: 2049, Token_str: তিনি', 'Score: 0.0683, Token: 2536, Token_str: আপনি', 'Score: 0.0566, Token: 2979, Token_str: অনেকেই', 'Score: 0.0229, Token: 2131, Token_str: তারা', 'Score: 0.0205, Token: 6635, Token_str: বললে']"
b,20,মণীষা ইনটারনেটে পড়েছে কোথায় ভ্রমণকারীটা খুবই অপ্রত্যাশিতভাবে [MASK] বলেছেন যে তিনি কলকাতার বিমানবন্দরটাতে তাকে ডাকাতি করেছেন,মণীষা ইনটারনেটে পড়েছে কোথায় ভ্রমণকারীটা খুবই অপ্রত্যাশিতভাবে [MASK] বলেছেন যে তিনি কলকাতার বিমানবন্দরটাতে তাকে ডাকাতি করেছেন,"['Score: 0.6722, Token: 2049, Token_str: তিনি', 'Score: 0.0509, Token: 2979, Token_str: অনেকেই', 'Score: 0.0229, Token: 2536, Token_str: আপনি', 'Score: 0.0146, Token: 2131, Token_str: তারা', 'Score: 0.0126, Token: 8872, Token_str: উনি']"
c,20,মণীষা ইনটারনেটে পড়েছে কাকে ভ্রমণকারীটা তিনি কলকাতার বিমানবন্দরটাতে [MASK] ডাকাতি করেছেন বলে খুবই অপ্রত্যাশিতভাবে বলেছেন,মণীষা ইনটারনেটে পড়েছে কাকে ভ্রমণকারীটা তিনি কলকাতার বিমানবন্দরটাতে [MASK] ডাকাতি করেছেন বলে খুবই অপ্রত্যাশিতভাবে বলেছেন,"['Score: 0.2757, Token: 3470, Token_str: এসেছেন', 'Score: 0.0823, Token: 2444, Token_str: এসে', 'Score: 0.0405, Token: 11705, Token_str: ডাকাতি', 'Score: 0.0216, Token: 2592, Token_str: এত', 'Score: 0.0202, Token: 2062, Token_str: ##ই']"
d,20,মণীষা ইনটারনেটে পড়েছে কোথায় ভ্রমণকারীটা তিনি কলকাতার বিমানবন্দরটাতে [MASK] ডাকাতি করেছেন বলে খুবই অপ্রত্যাশিতভাবে তাকে বলেছেন,মণীষা ইনটারনেটে পড়েছে কোথায় ভ্রমণকারীটা তিনি কলকাতার বিমানবন্দরটাতে [MASK] ডাকাতি করেছেন বলে খুবই অপ্রত্যাশিতভাবে তাকে বলেছেন,"['Score: 0.1027, Token: 11705, Token_str: ডাকাতি', 'Score: 0.0675, Token: 3470, Token_str: এসেছেন', 'Score: 0.0466, Token: 7764, Token_str: নানাভাবে', 'Score: 0.0414, Token: 5021, Token_str: আগেও', 'Score: 0.0372, Token: 8239, Token_str: এরকম']"
a,21,সায়েম রেডিওতে শুনেছে কাকে উকিলটা অনেক জোরালোভাবে [MASK] বলেছেন যে তিনি গুরুত্বপুর্ণ নির্বাচনে সমর্থন করবেন,সায়েম রেডিওতে শুনেছে কাকে উকিলটা অনেক জোরালোভাবে [MASK] বলেছেন যে তিনি গুরুত্বপুর্ণ নির্বাচনে সমর্থন করবেন,"['Score: 0.1670, Token: 2362, Token_str: বলতে', 'Score: 0.0886, Token: 17205, Token_str: লিখিতভাবে', 'Score: 0.0796, Token: 5487, Token_str: দেখাতে', 'Score: 0.0780, Token: 8165, Token_str: বসতে', 'Score: 0.0689, Token: 4498, Token_str: জানাতে']"
b,21,সায়েম রেডিওতে শুনেছে কোথায় উকিলটা অনেক জোরালোভাবে [MASK] বলেছেন যে তিনি গুরুত্বপুর্ণ নির্বাচনে তাকে সমর্থন করবেন,সায়েম রেডিওতে শুনেছে কোথায় উকিলটা অনেক জোরালোভাবে [MASK] বলেছেন যে তিনি গুরুত্বপুর্ণ নির্বাচনে তাকে সমর্থন করবেন,"['Score: 0.1966, Token: 17205, Token_str: লিখিতভাবে', 'Score: 0.1328, Token: 3719, Token_str: বারবার', 'Score: 0.1154, Token: 2085, Token_str: কথা', 'Score: 0.0333, Token: 7048, Token_str: এমনভাবে', 'Score: 0.0297, Token: 2062, Token_str: ##ই']"
c,21,সায়েম রেডিওতে শুনেছে কাকে উকিলটাতিনি গুরুত্বপুর্ণ নির্বাচনে [MASK] সমর্থন করবেন বলে অনেক জোরালোভাবে বলেছেন,সায়েম রেডিওতে শুনেছে কাকে উকিলটাতিনি গুরুত্বপুর্ণ নির্বাচনে [MASK] সমর্থন করবেন বলে অনেক জোরালোভাবে বলেছেন,"['Score: 0.8085, Token: 2049, Token_str: তিনি', 'Score: 0.0419, Token: 2131, Token_str: তারা', 'Score: 0.0361, Token: 3494, Token_str: জনগণ', 'Score: 0.0195, Token: 4307, Token_str: কাকে', 'Score: 0.0104, Token: 8165, Token_str: বসতে']"
d,21,সায়েম রেডিওতে শুনেছে কোথায় উকিলটাতিনি গুরুত্বপুর্ণ নির্বাচনে [MASK] সমর্থন করবেন বলে অনেক জোরালোভাবে তাকে বলেছেন,সায়েম রেডিওতে শুনেছে কোথায় উকিলটাতিনি গুরুত্বপুর্ণ নির্বাচনে [MASK] সমর্থন করবেন বলে অনেক জোরালোভাবে তাকে বলেছেন,"['Score: 0.5478, Token: 2271, Token_str: তাকে', 'Score: 0.1992, Token: 2049, Token_str: তিনি', 'Score: 0.1089, Token: 9542, Token_str: বিএনপিকে', 'Score: 0.0418, Token: 4307, Token_str: কাকে', 'Score: 0.0223, Token: 2840, Token_str: নিজেকে']"
a,22,নাজিয়া ঘোষণা করেছে কাকে চাষিটা প্রায় নিশ্চিতভাবে [MASK] বলেছেন যে তিনি আগামী সপ্তাহে তাকে হাতিয়ার দেবেন,নাজিয়া ঘোষণা করেছে কাকে চাষিটা প্রায় নিশ্চিতভাবে [MASK] বলেছেন যে তিনি আগামী সপ্তাহে তাকে হাতিয়ার দেবেন,"['Score: 0.2087, Token: 2362, Token_str: বলতে', 'Score: 0.1075, Token: 21894, Token_str: একথা', 'Score: 0.0466, Token: 5487, Token_str: দেখাতে', 'Score: 0.0450, Token: 4791, Token_str: এটাও', 'Score: 0.0383, Token: 3719, Token_str: বারবার']"
b,22,নাজিয়া ঘোষণা করেছে কোথায় চাষিটা প্রায় নিশ্চিতভাবে [MASK] বলেছেন যে তিনি আগামী সপ্তাহে তাকে হাতিয়ার দেবেন,নাজিয়া ঘোষণা করেছে কোথায় চাষিটা প্রায় নিশ্চিতভাবে [MASK] বলেছেন যে তিনি আগামী সপ্তাহে তাকে হাতিয়ার দেবেন,"['Score: 0.1514, Token: 2062, Token_str: ##ই', 'Score: 0.0772, Token: 21894, Token_str: একথা', 'Score: 0.0758, Token: 4791, Token_str: এটাও', 'Score: 0.0706, Token: 3719, Token_str: বারবার', 'Score: 0.0546, Token: 2787, Token_str: আগেই']"
c,22,নাজিয়া ঘোষণা করেছে কাকে চাষিটা তিনি আগামী সপ্তাহে [MASK] হাতিয়ার দেবেন বলে প্রায় নিশ্চিতভাবে তাকে বলেছেন,নাজিয়া ঘোষণা করেছে কাকে চাষিটা তিনি আগামী সপ্তাহে [MASK] হাতিয়ার দেবেন বলে প্রায় নিশ্চিতভাবে তাকে বলেছেন,"['Score: 0.3858, Token: 4307, Token_str: কাকে', 'Score: 0.0658, Token: 6875, Token_str: এটাকে', 'Score: 0.0580, Token: 4040, Token_str: দেশকে', 'Score: 0.0514, Token: 2840, Token_str: নিজেকে', 'Score: 0.0487, Token: 12212, Token_str: সেটাকে']"
d,22,নাজিয়া ঘোষণা করেছে কোথায় চাষিটা তিনি আগামী সপ্তাহে [MASK] হাতিয়ার দেবেন বলে প্রায় নিশ্চিতভাবে তাকে বলেছেন,নাজিয়া ঘোষণা করেছে কোথায় চাষিটা তিনি আগামী সপ্তাহে [MASK] হাতিয়ার দেবেন বলে প্রায় নিশ্চিতভাবে তাকে বলেছেন,"['Score: 0.2141, Token: 6875, Token_str: এটাকে', 'Score: 0.1793, Token: 4040, Token_str: দেশকে', 'Score: 0.1179, Token: 7469, Token_str: ভারতকে', 'Score: 0.0755, Token: 12212, Token_str: সেটাকে', 'Score: 0.0262, Token: 2901, Token_str: সরকারকে']"
a,23,রূপা এখনও জানে কাকে ভাস্করটা বেশ উত্তেজিতভাবে [MASK] বলেছেন যে তিনি শিল্প যাদুঘরটাতে প্রসংসা করেছেন,রূপা এখনও জানে কাকে ভাস্করটা বেশ উত্তেজিতভাবে [MASK] বলেছেন যে তিনি শিল্প যাদুঘরটাতে প্রসংসা করেছেন,"['Score: 0.1323, Token: 11110, Token_str: দেখেই', 'Score: 0.1031, Token: 3648, Token_str: ভেবে', 'Score: 0.0716, Token: 3719, Token_str: বারবার', 'Score: 0.0398, Token: 2465, Token_str: দেখে', 'Score: 0.0369, Token: 4293, Token_str: ভাবতে']"
b,23,রূপা এখনও জানে কোথায় ভাস্করটা বেশ উত্তেজিতভাবে [MASK] বলেছেন যে তিনি শিল্প যাদুঘরটাতে তাকে প্রসংসা করেছেন,রূপা এখনও জানে কোথায় ভাস্করটা বেশ উত্তেজিতভাবে [MASK] বলেছেন যে তিনি শিল্প যাদুঘরটাতে তাকে প্রসংসা করেছেন,"['Score: 0.0660, Token: 3719, Token_str: বারবার', 'Score: 0.0603, Token: 2049, Token_str: তিনি', 'Score: 0.0591, Token: 14183, Token_str: সকলেই', 'Score: 0.0586, Token: 6463, Token_str: কথাই', 'Score: 0.0402, Token: 11110, Token_str: দেখেই']"
c,23,রূপা এখনও জানে কাকে ভাস্করটা তিনি শিল্প যাদুঘরটাতে [Mask] প্রসংসা করেছেন বলে বেশ উত্তেজিতভাবে বলেছেন,রূপা এখনও জানে কাকে ভাস্করটা তিনি শিল্প যাদুঘরটাতে [Mask] প্রসংসা করেছেন বলে বেশ উত্তেজিতভাবে বলেছেন,['ERROR: No mask_token ([MASK]) found on the input']
d,23,রূপা এখনও জানে কোথায় ভাস্করটা তিনি শিল্প যাদুঘরটাতে [MASK] প্রসংসা করেছেন বলে বেশ উত্তেজিতভাবে তাকে বলেছেন,রূপা এখনও জানে কোথায় ভাস্করটা তিনি শিল্প যাদুঘরটাতে [MASK] প্রসংসা করেছেন বলে বেশ উত্তেজিতভাবে তাকে বলেছেন,"['Score: 0.2287, Token: 10993, Token_str: বসেই', 'Score: 0.1409, Token: 7764, Token_str: নানাভাবে', 'Score: 0.0579, Token: 2940, Token_str: বসে', 'Score: 0.0548, Token: 2504, Token_str: কীভাবে', 'Score: 0.0364, Token: 2444, Token_str: এসে']"
a,24,ললিতা অনুমান করেছে কাকে ভাড়াটেটা বেশ দুঃখিতভাবে [MASK] বলেছেন যে তিনি এই বছরে ভাড়া দেবেন না,ললিতা অনুমান করেছে কাকে ভাড়াটেটা বেশ দুঃখিতভাবে [MASK] বলেছেন যে তিনি এই বছরে ভাড়া দেবেন না,"['Score: 0.1964, Token: 2049, Token_str: তিনি', 'Score: 0.0968, Token: 21894, Token_str: একথা', 'Score: 0.0533, Token: 2271, Token_str: তাকে', 'Score: 0.0525, Token: 14183, Token_str: সকলেই', 'Score: 0.0347, Token: 4791, Token_str: এটাও']"
b,24,ললিতা অনুমান করেছে কোথায় ভাড়াটেটা বেশ দুঃখিতভাবে [MASK] বলেছেন যে তিনি এই বছরে তাঁকে ভাড়া দেবেন না,ললিতা অনুমান করেছে কোথায় ভাড়াটেটা বেশ দুঃখিতভাবে [MASK] বলেছেন যে তিনি এই বছরে তাঁকে ভাড়া দেবেন না,"['Score: 0.1714, Token: 2271, Token_str: তাকে', 'Score: 0.1431, Token: 21894, Token_str: একথা', 'Score: 0.1050, Token: 2049, Token_str: তিনি', 'Score: 0.0571, Token: 2085, Token_str: কথা', 'Score: 0.0541, Token: 6463, Token_str: কথাই']"
c,24,ললিতা অনুমান করেছে কাকে ভাড়াটেটা তিনি এই বছরে [MASK] ভাড়া দেবেন না বলে বেশ দুঃখিতভাবে বলেছেন,ললিতা অনুমান করেছে কাকে ভাড়াটেটা তিনি এই বছরে [MASK] ভাড়া দেবেন না বলে বেশ দুঃখিতভাবে বলেছেন,"['Score: 0.8921, Token: 4307, Token_str: কাকে', 'Score: 0.0720, Token: 3748, Token_str: কাউকে', 'Score: 0.0061, Token: 2271, Token_str: তাকে', 'Score: 0.0053, Token: 4218, Token_str: আপনাকে', 'Score: 0.0021, Token: 3412, Token_str: সবাইকে']"
d,24,ললিতা অনুমান করেছে কোথায় ভাড়াটেটা তিনি এই বছরে [MASK] ভাড়া দেবেন না বলে বেশ দুঃখিতভাবে তাঁকে বলেছেন,ললিতা অনুমান করেছে কোথায় ভাড়াটেটা তিনি এই বছরে [MASK] ভাড়া দেবেন না বলে বেশ দুঃখিতভাবে তাঁকে বলেছেন,"['Score: 0.4363, Token: 3748, Token_str: কাউকে', 'Score: 0.2157, Token: 2271, Token_str: তাকে', 'Score: 0.0418, Token: 3792, Token_str: বাসা', 'Score: 0.0389, Token: 4218, Token_str: আপনাকে', 'Score: 0.0173, Token: 7224, Token_str: কাউকেই']"
a,25,ইভা আবিষ্কার করেছে কাকে চিত্রনির্মাতাটি বেশ গোপনভাবে [MASK] বলছেন যে তিনি তাঁর স্টুডিওটায় ফিল্ম তুলবেন,ইভা আবিষ্কার করেছে কাকে চিত্রনির্মাতাটি বেশ গোপনভাবে [MASK] বলছেন যে তিনি তাঁর স্টুডিওটায় ফিল্ম তুলবেন,"['Score: 0.1316, Token: 3648, Token_str: ভেবে', 'Score: 0.1132, Token: 2362, Token_str: বলতে', 'Score: 0.0811, Token: 2085, Token_str: কথা', 'Score: 0.0633, Token: 4293, Token_str: ভাবতে', 'Score: 0.0559, Token: 5487, Token_str: দেখাতে']"
b,25,ইভা আবিষ্কার করেছে কোথায় চিত্রনির্মাতাটি বেশ গোপনভাবে [MASK] বলছেন যে তিনি তাঁর স্টুডিওটায় ফিল্ম তুলবেন,ইভা আবিষ্কার করেছে কোথায় চিত্রনির্মাতাটি বেশ গোপনভাবে [MASK] বলছেন যে তিনি তাঁর স্টুডিওটায় ফিল্ম তুলবেন,"['Score: 0.3514, Token: 2085, Token_str: কথা', 'Score: 0.0727, Token: 6463, Token_str: কথাই', 'Score: 0.0693, Token: 6268, Token_str: এমনটা', 'Score: 0.0526, Token: 21894, Token_str: একথা', 'Score: 0.0406, Token: 3648, Token_str: ভেবে']"
c,25,ইভা আবিষ্কার করেছে কাকে চিত্রনির্মাতাটি তিনি তাঁর স্টুডিওটায় [MASK] ফিল্ম তুলবেন বলে বেশ গোপনভাবে বলছেন,ইভা আবিষ্কার করেছে কাকে চিত্রনির্মাতাটি তিনি তাঁর স্টুডিওটায় [MASK] ফিল্ম তুলবেন বলে বেশ গোপনভাবে বলছেন,"['Score: 0.2472, Token: 6263, Token_str: মিউজিক', 'Score: 0.0502, Token: 56045, Token_str: হিটাচি', 'Score: 0.0362, Token: 10993, Token_str: বসেই', 'Score: 0.0267, Token: 2877, Token_str: সরাসরি', 'Score: 0.0253, Token: 2284, Token_str: নিজের']"
d,25,ইভা আবিষ্কার করেছে কোথায় চিত্রনির্মাতাটি তিনি তাঁর স্টুডিওটায় [MASK] ফিল্ম তুলবেন বলে বেশ গোপনভাবে তাকে বলছেন,ইভা আবিষ্কার করেছে কোথায় চিত্রনির্মাতাটি তিনি তাঁর স্টুডিওটায় [MASK] ফিল্ম তুলবেন বলে বেশ গোপনভাবে তাকে বলছেন,"['Score: 0.3367, Token: 6263, Token_str: মিউজিক', 'Score: 0.0693, Token: 56045, Token_str: হিটাচি', 'Score: 0.0226, Token: 8007, Token_str: লাইভ', 'Score: 0.0125, Token: 27202, Token_str: হরর', 'Score: 0.0119, Token: 7838, Token_str: ইউটিউব']"
