﻿condition,item,sentence
a,1,রাশাদ জিজ্ঞাসা করেছে কাকে ডাক্তারটা খুবই অবাকভাবে [MASK] বলেছেন যে তিনি পুরানো হাসপাতালে চিকিৎসা করেছেন
b,1,রাশাদ জিজ্ঞাসা করেছে কখন ডাক্তারটা খুবই অবাকভাবে [MASK] বলেছেন যে তিনি পুরানো হাসপাতালে তাকে চিকিৎসা করেছেন
c,1,রাশাদ জিজ্ঞাসা করেছে কাকে ডাক্তারটা তিনি পুরানো হাসপাতালে [MASK] চিকিৎসা করেছেন বলে খুবই অবাকভাবে  বলেছেন
d,1,রাশাদ জিজ্ঞাসা করেছে কখন ডাক্তারটা তিনি পুরানো হাসপাতালে [MASK] চিকিৎসা করেছেন বলে খুবই অবাকভাবে তাকে বলেছেন
a,2,জাহিদ পত্রিকায় পড়েছে কাকে রাজনীতবিদটা বেশ জোরে [MASK] বলেছেন যে তিনি জাতিসংঘের ভবনে অভিবাদন জানিয়েছেন
b,2,জাহিদ পত্রিকায় পড়েছে কখন রাজনীতবিদটা বেশ জোরে [MASK] বলেছেন যে তিনি জাতিসংঘের ভবনে তাকে অভিবাদন জানিয়েছেন
c,2,জাহিদ পত্রিকায় পড়েছে কাকে রাজনীতবিদটা তিনি জাতিসংঘের ভবনে [MASK] অভিবাদন জানিয়েছেন বলে বেশ জোরে বলেছেন
d,2,জাহিদ পত্রিকায় পড়েছে কখন রাজনীতবিদটা তিনি জাতিসংঘের ভবনে [MASK] অভিবাদন জানিয়েছেন বলে বেশ জোরে তাকে বলেছেন
a,3,সীতা শুনেছে কাকে বিজ্ঞানীটা কিছুটা বিস্মিতভাবে [MASK] বলেছেন যে তিনি বার্ষিক অনুষ্ঠানটাতে পুরষ্কার দেবেন
b,3,সীতা শুনেছে কখন বিজ্ঞানীটা কিছুটা বিস্মিতভাবে [MASK] বলেছেন যে তিনি বার্ষিক অনুষ্ঠানটাতে তাকে পুরষ্কার দেবেন
c,3,সীতা শুনেছে কাকে বিজ্ঞানীটা তিনি বার্ষিক অনুষ্ঠানটাতে [MASK] পুরষ্কার দেবেন বলে কিছুটা বিস্মিতভাবে বলেছেন
d,3,সীতা শুনেছে কখন বিজ্ঞানীটা তিনি বার্ষিক অনুষ্ঠানটাতে [MASK] পুরষ্কার দেবেন বলে কিছুটা বিস্মিতভাবে তাকে বলেছেন
a,4,জোনাকী ঘোষণা করবে কাকে ব্যবসায়ীটা খানিকটা সাবধানে [MASK] বলেছেন যে তিনি নতুন কোম্পানীটাতে চাকরি দেবেন
b,4,জোনাকী ঘোষণা করবে কখন ব্যবসায়ীটা খানিকটা সাবধানে [MASK] বলেছেন যে তিনি নতুন কোম্পানীটাতে তাকে চাকরি দেবেন
c,4,জোনাকী ঘোষণা করবে কাকে ব্যবসায়ীটা তিনি নতুন কোম্পানীটাতে [MASK] চাকরি দেবেন বলে খানিকটা সাবধানে বলেছেন
d,4,জোনাকী ঘোষণা করবে কখন ব্যবসায়ীটা তিনি নতুন কোম্পানীটাতে [MASK] চাকরি দেবেন বলে খানিকটা সাবধানে তাকে বলেছেন
a,5,সাবরিনা এখনও জানে কাকে শিক্ষকটা অত্যন্ত সহজভাবে [MASK] বলেছেন যে তিনি গ্রামের স্কুলটাতে শেখাতে চান
b,5,সাবরিনা এখনও জানে কখন শিক্ষকটা অত্যন্ত সহজভাবে [MASK] বলেছেন যে তিনি গ্রামের স্কুলটাতে তাকে শেখাতে চান
c,5,সাবরিনা এখনও জানে কাকে শিক্ষকটা তিনি গ্রামের স্কুলটাতে [MASK] শেখাতে চান বলে অত্যন্ত সহজভাবে বলেছেন
d,5,সাবরিনা এখনও জানে কখন শিক্ষকটা তিনি গ্রামের স্কুলটাতে [MASK] শেখাতে চান বলে অত্যন্ত সহজভাবে তাকে বলেছেন
a,6,এনাম সিদ্ধান্ত নিয়েছে কাকে উকিলটা অনেকটা সোজাসুজিভাবে [MASK] বলেছেন যে তিনি আঞ্চলিক আদালতটাতে রক্ষা করবেন
b,6,এনাম সিদ্ধান্ত নিয়েছে কখন উকিলটা অনেকটা সোজাসুজিভাবে [MASK] বলেছেন যে তিনি আঞ্চলিক আদালতটাতে তাকে রক্ষা করবেন
c,6,এনাম সিদ্ধান্ত নিয়েছে কাকে উকিলটা তিনি আঞ্চলিক আদালতটাতে [MASK] রক্ষা করবেন বলে অনেকটা সোজাসুজি বলেছেন
d,6,এনাম সিদ্ধান্ত নিয়েছে কখন উকিলটা তিনি আঞ্চলিক আদালতটাতে [MASK] রক্ষা করবেন বলে অনেকটা সোজাসুজি তাকে বলেছেন
a,7,সালমা জানতো না কাকে লেখকটা বেশ তাড়াতাড়ি [MASK] বলেছেন যে তিনি আন্তর্জাতিক সভাটাতে সাহায্য করবেন
b,7,সালমা জানতো না কখন লেখকটা বেশ তাড়াতাড়ি [MASK] বলেছেন যে তিনি আন্তর্জাতিক সভাটাতে তাকে সাহায্য করবেন
c,7,সালমা জানতো না কাকে লেখকটা তিনি আন্তর্জাতিক সভাটাতে [MASK] সাহায্য করবেন বলে বেশ তাড়াতাড়ি বলেছেন
d,7,সালমা জানতো না কখন লেখকটা তিনি আন্তর্জাতিক সভাটাতে [MASK] সাহায্য করবেন বলে বেশ তাড়াতাড়ি তাকে বলেছেন
a,8,সেনিয়া আবিষ্কার করেছে কাকে দোকানিটা খুব অপ্রত্যাশিতভাবে [MASK] বলেছেন যে তিনি ফলের দোকানটাতে কাঠাল কিনে দিয়েছেন
b,8,সেনিয়া আবিষ্কার করেছে কখন দোকানিটা খুব অপ্রত্যাশিতভাবে [MASK] বলেছেন যে তিনি ফলের দোকানটাতে তাকে কাঠাল কিনে দিয়েছেন
c,8,সেনিয়া আবিষ্কার করেছে কাকে দোকানিটা তিনি ফলের দোকানটাতে [MASK] কাঠাল কিনে দিয়েছেন বলে খুব অপ্রত্যাশিতভাবে বলেছেন
d,8,সেনিয়া আবিষ্কার করেছে কখন দোকানিটা তিনি ফলের দোকানটাতে [MASK] কাঠাল কিনে দিয়েছেন বলে খুব অপ্রত্যাশিতভাবে তাকে বলেছেন
a,9,সুমী শিখেছে কাকে অনুবাদকটা কিছুটা বিষণ্ণভাবে [MASK] বলেছেন যে তিনি শহরের লাইব্রেরীটাতে কবিতা দেবেন না
b,9,সুমী শিখেছে কখন অনুবাদকটা কিছুটা বিষণ্ণভাবে [MASK] বলেছেন যে তিনি শহরের লাইব্রেরীটাতে তাকে কবিতা দেবেন না
c,9,সুমী শিখেছে কাকে অনুবাদকটা তিনি শহরের লাইব্রেরীটাতে [MASK] কবিতা দেবেন না বলে কিছুটা বিষণ্ণভাবে বলেছেন
d,9,সুমী শিখেছে কখন অনুবাদকটাতিনি শহরের লাইব্রেরীটাতে [MASK] কবিতা দেবেন না বলে কিছুটা বিষণ্ণভাবে তাকে বলেছেন
a,10,আকাশ খবরের কাগজে পড়েছে কাকে প্রধানমন্ত্রী খানিকটা সাবধানে [MASK] বলেছেন যে তিনি একটা বিমানটাতে হত্যা করে দেবেন
b,10,আকাশ খবরের কাগজে পড়েছে কখন প্রধানমন্ত্রী খানিকটা সাবধানে [MASK] বলেছেন যে তিনি একটা বিমানটাতে তাকে হত্যা করে দেবেন
c,10,আকাশ খবরের কাগজে পড়েছে কাকে প্রধানমন্ত্রী তিনি একটা বিমানটাতে [MASK] হত্যা করে দেবেন বলে খানিকটা সাবধানে বলেছেন
d,10,আকাশ খবরের কাগজে পড়েছে কখন প্রধানমন্ত্রী তিনি একটা বিমানটাতে [MASK] হত্যা করে দেবেন বলে খানিকটা সাবধানে তাকে বলেছেন
a,11,সোমা শুনেছে কাকে পাচকটা অনেকটা গোপনে [MASK] বলেছেন যে তিনি বড় রেস্টুরেন্টটাতে নিমন্ত্রণ করবেন
b,11,সোমা শুনেছে কখন পাচকটা অনেকটা গোপনে [MASK] বলেছেন যে তিনি বড় রেস্টুরেন্টটাতে তাকে নিমন্ত্রণ করবেন
c,11,সোমা শুনেছে কাকে পাচকটা তিনি বড় রেস্টুরেন্টটাতে [MASK] নিমন্ত্রণ করবেন বলে অনেকটা গোপনে বলেছেন
d,11,সোমা শুনেছে কখন পাচকটা তিনি বড় রেস্টুরেন্টটাতে [MASK] নিমন্ত্রণ করবেন বলে অনেকটা গোপনে তাকে বলেছেন
a,12,জামাল ঘোষণা করেছে কাকে গায়কটা বেশ শান্তভাবে [MASK] বলেছেন যে তিনি সুন্দর থিয়েটারটাতে বিয়ে করবে
b,12,জামাল ঘোষণা করেছে কখন গায়কটা বেশ শান্তভাবে [MASK] বলেছেন যে তিনি সুন্দর থিয়েটারটাতে তাকে বিয়ে করবে
c,12,জামাল ঘোষণা করেছে কাকে গায়কটা  তিনি সুন্দর থিয়েটারটাতে [MASK] বিয়ে করবে বলে বেশ শান্তভাবে বলেছেন
d,12,জামাল ঘোষণা করেছে কখন গায়কটা  তিনি সুন্দর থিয়েটারটাতে [MASK] বিয়ে করবে বলে বেশ শান্তভাবে তাকে বলেছেন
a,13,জয় অনুমান করেছে কাকে ধোপাটা কিছুটা রাগতভাবে [MASK] বলেছেন যে তিনি কাজের জন্য টাকা দেবেন না
b,13,জয় অনুমান করেছে কখন ধোপাটা কিছুটা রাগতভাবে [MASK] বলেছেন যে তিনি কাজের জন্য তাকে টাকা দেবেন না
c,13,জয় অনুমান করেছে কাকে ধোপাটা তিনি কাজের জন্য [MASK] টাকা দেবেন না বলে কিছুটা রাগতভাবে বলেছেন
d,13,জয় অনুমান করেছে কখন ধোপাটা তিনি কাজের জন্য [MASK] টাকা দেবেন না বলে কিছুটা রাগতভাবে তাকে বলেছেন
a,14,সজল সিদ্ধান্ত নিয়েছে কখন জেনারেল খুব ভোরে [MASK] বলেছেন যে তিনি বিশাল যুদ্ধক্ষেত্রটাতে আক্রমণ করবেন
b,14,সজল সিদ্ধান্ত নিয়েছে কখন জেনারেল খুব ভোরে [MASK] বলেছেন যে তিনি বিশাল যুদ্ধক্ষেত্রটাতে তাকে আক্রমণ করবেন
c,14,সজল সিদ্ধান্ত নিয়েছে কাকে জেনারেল তিনি বিশাল যুদ্ধক্ষেত্রটাতে [MASK] আক্ৰমণ করবেন বলে খুব ভোরে বলেছেন
d,14,সজল সিদ্ধান্ত নিয়েছে কখন জেনারেল তিনি বিশাল যুদ্ধক্ষেত্রটাতে [MASK] আক্রমণ করবেন বলে খুব ভোরে তাকে বলেছেন
a,15,মিতা জানতে চাচ্ছিলো কাকে দর্জিটা প্রায় উত্তেজিতভাবে [MASK] বলেছেন যে তিনি গ্রামের বাজারে দেখতে পারবেন
b,15,মিতা জানতে চাচ্ছিলো কোথায় দর্জিটা প্রায় উত্তেজিতভাবে [MASK] বলেছেন যে তিনি গ্রামের বাজারে তাকে দেখতে পারবেন
c,15,মিতা জানতে চাচ্ছিলো কাকে দর্জিটা তিনি গ্রামের বাজারে [MASK] দেখতে পারবেন বলে প্রায় উত্তেজিতভাবে বলেছেন
d,15,মিতা জানতে চাচ্ছিলো কোথায় দর্জিটা তিনি গ্রামের বাজারে [MASK] দেখতে পারবেন বলে প্রায় উত্তেজিতভাবে তাকে বলেছেন
a,16,নয়ন আবিষ্কার করেছে কাকে পাণ্ডিতটা খুব সহজভাবে [MASK] বলেছেন যে তিনি প্রাচীন মন্দিরটাতে নমস্কার করেছেন
b,16,নয়ন আবিষ্কার করেছে কোথায় পাণ্ডিতটা খুব সহজভাবে [MASK] বলেছেন যে তিনি প্রাচীন মন্দিরটাতে তাকে নমস্কার করেছেন
c,16,নয়ন আবিষ্কার করেছে কাকে পাণ্ডিতটা তিনি প্রাচীন মন্দিরটাতে [MASK] নমস্কার করেছেন বলে খুব সহজভাবে বলেছেন
d,16,নয়ন আবিষ্কার করেছে কোথায় পাণ্ডিতটা তিনি প্রাচীন মন্দিরটাতে [MASK] নমস্কার করেছেন বলে খুব সহজভাবে তাকে বলেছেন
a,17,আলম শিখেছে কাকে অধ্যাপকটা খুব কৌতূহলীভাবে [MASK] বলেছেন যে তিনি বই মেলাটা থেকে বই কিনে দেবে
b,17,আলম শিখেছে কোথায় অধ্যাপকটা খুব কৌতূহলীভাবে [MASK] বলেছেন যে তিনি বই মেলাটা থেকে তাকে বই কিনে দেবে
c,17,আলম শিখেছে কাকে অধ্যাপকটা তিনি বই মেলাটা থেকে [MASK] বই কিনে দেবে বলে খুব কৌতূহলীভাবে বলেছেন
d,17,আলম শিখেছে কোথায় অধ্যাপকটা তিনি বই মেলাটা থেকে [MASk] বই কিনে দেবে বলে খুব কৌতূহলীভাবে তাকে বলেছেন
a,18,রোকন জানতো না কাকে গোয়েন্দাটা খুব রহস্যজনকভাবে [MASK] বলেছেন যে তিনি খুব রাতে অনুসন্ধান করবেন
b,18,রোকন জানতো না কোথায় গোয়েন্দাটা খুব রহস্যজনকভাবে [MASK] বলেছেন যে তিনি খুব রাতে তাকে অনুসন্ধান করবেন
c,18,রোকন জানতো না কাকে গোয়েন্দাটা তিনি খুব রাতে [MASK] অনুসন্ধান করবেন বলে খুব রহস্যজনকভাবে বলেছেন
d,18,রোকন জানতো না কোথায় গোয়েন্দাটা তিনি খুব রাতে [MASK] অনুসন্ধান করবেন বলে খুব রহস্যজনকভাবে তাকে বলেছেন
a,19,শীলা জিজ্ঞাসা করেছে কাকে বিমানচালকটা বেশ হঠাৎ [MASK] বলেছেন যে তিনি একদম আন্তরিকভাবে আদর করেন
b,19, শীলা জিজ্ঞাসা করেছে কোথায় বিমানচালকটা বেশ হঠাৎ [MASK] বলেছেন যে তিনি একদম আন্তরিকভাবে তাকে আদর করেন
c,19,শীলা জিজ্ঞাসা করেছে কাকে বিমানচালকটা তিনি একদম আন্তরিকভাবে [MASK] আদর করেন বলে বেশ হঠাৎ বলেছেন
d,19,শীলা জিজ্ঞাসা করেছে কোথায় বিমানচালকটা তিনি একদম আন্তরিকভাবে [MASK] আদর করেন বলে বেশ হঠাৎ তাকে বলেছেন
a,20,মণীষা ইনটারনেটে পড়েছে কাকে ভ্রমণকারীটা খুবই অপ্রত্যাশিতভাবে [MASK] বলেছেন যে তিনি কলকাতার বিমানবন্দরটাতে ডাকাতি করেছেন
b,20,মণীষা ইনটারনেটে পড়েছে কোথায় ভ্রমণকারীটা খুবই অপ্রত্যাশিতভাবে [MASK] বলেছেন যে তিনি কলকাতার বিমানবন্দরটাতে তাকে ডাকাতি করেছেন
c,20,মণীষা ইনটারনেটে পড়েছে কাকে ভ্রমণকারীটা তিনি কলকাতার বিমানবন্দরটাতে [MASK] ডাকাতি করেছেন বলে খুবই অপ্রত্যাশিতভাবে বলেছেন
d,20,মণীষা ইনটারনেটে পড়েছে কোথায় ভ্রমণকারীটা তিনি কলকাতার বিমানবন্দরটাতে [MASK] ডাকাতি করেছেন বলে খুবই অপ্রত্যাশিতভাবে তাকে বলেছেন
a,21,সায়েম রেডিওতে শুনেছে কাকে উকিলটা অনেক জোরালোভাবে [MASK] বলেছেন যে তিনি গুরুত্বপুর্ণ নির্বাচনে সমর্থন করবেন
b,21,সায়েম রেডিওতে শুনেছে কোথায় উকিলটা অনেক জোরালোভাবে [MASK] বলেছেন যে তিনি গুরুত্বপুর্ণ নির্বাচনে তাকে সমর্থন করবেন
c,21,সায়েম রেডিওতে শুনেছে কাকে উকিলটাতিনি গুরুত্বপুর্ণ নির্বাচনে [MASK] সমর্থন করবেন বলে অনেক জোরালোভাবে বলেছেন
d,21,সায়েম রেডিওতে শুনেছে কোথায় উকিলটাতিনি গুরুত্বপুর্ণ নির্বাচনে [MASK] সমর্থন করবেন বলে অনেক জোরালোভাবে তাকে বলেছেন
a,22,নাজিয়া ঘোষণা করেছে কাকে চাষিটা প্রায় নিশ্চিতভাবে [MASK] বলেছেন যে তিনি আগামী সপ্তাহে তাকে হাতিয়ার দেবেন
b,22,নাজিয়া ঘোষণা করেছে কোথায় চাষিটা প্রায় নিশ্চিতভাবে [MASK] বলেছেন যে তিনি আগামী সপ্তাহে তাকে হাতিয়ার দেবেন
c,22,নাজিয়া ঘোষণা করেছে কাকে চাষিটা তিনি আগামী সপ্তাহে [MASK] হাতিয়ার দেবেন বলে প্রায় নিশ্চিতভাবে তাকে বলেছেন
d,22,নাজিয়া ঘোষণা করেছে কোথায় চাষিটা তিনি আগামী সপ্তাহে [MASK] হাতিয়ার দেবেন বলে প্রায় নিশ্চিতভাবে তাকে বলেছেন
a,23,রূপা এখনও জানে কাকে ভাস্করটা বেশ উত্তেজিতভাবে [MASK] বলেছেন যে তিনি শিল্প যাদুঘরটাতে প্রসংসা করেছেন
b,23,রূপা এখনও জানে কোথায় ভাস্করটা বেশ উত্তেজিতভাবে [MASK] বলেছেন যে তিনি শিল্প যাদুঘরটাতে তাকে প্রসংসা করেছেন
c,23,রূপা এখনও জানে কাকে ভাস্করটা তিনি শিল্প যাদুঘরটাতে [Mask] প্রসংসা করেছেন বলে বেশ উত্তেজিতভাবে বলেছেন
d,23,রূপা এখনও জানে কোথায় ভাস্করটা তিনি শিল্প যাদুঘরটাতে [MASK] প্রসংসা করেছেন বলে বেশ উত্তেজিতভাবে তাকে বলেছেন
a,24,ললিতা অনুমান করেছে কাকে ভাড়াটেটা বেশ দুঃখিতভাবে [MASK] বলেছেন যে তিনি এই বছরে ভাড়া দেবেন না
b,24,ললিতা অনুমান করেছে কোথায় ভাড়াটেটা বেশ দুঃখিতভাবে [MASK] বলেছেন যে তিনি এই বছরে তাঁকে ভাড়া দেবেন না
c,24,ললিতা অনুমান করেছে কাকে ভাড়াটেটা তিনি এই বছরে [MASK] ভাড়া দেবেন না বলে বেশ দুঃখিতভাবে বলেছেন
d,24,ললিতা অনুমান করেছে কোথায় ভাড়াটেটা তিনি এই বছরে [MASK] ভাড়া দেবেন না বলে বেশ দুঃখিতভাবে তাঁকে বলেছেন
a,25,ইভা আবিষ্কার করেছে কাকে চিত্রনির্মাতাটি বেশ গোপনভাবে [MASK] বলছেন যে তিনি তাঁর স্টুডিওটায় ফিল্ম তুলবেন
b,25,ইভা আবিষ্কার করেছে কোথায় চিত্রনির্মাতাটি বেশ গোপনভাবে [MASK] বলছেন যে তিনি তাঁর স্টুডিওটায় ফিল্ম তুলবেন
c,25,ইভা আবিষ্কার করেছে কাকে চিত্রনির্মাতাটি তিনি তাঁর স্টুডিওটায় [MASK] ফিল্ম তুলবেন বলে বেশ গোপনভাবে বলছেন
d,25,ইভা আবিষ্কার করেছে কোথায় চিত্রনির্মাতাটি তিনি তাঁর স্টুডিওটায় [MASK] ফিল্ম তুলবেন বলে বেশ গোপনভাবে তাকে বলছেন